title;author;date;link;pdf_link;query;search_engine;nr_found;cite_count;doi;
A P2P approach for automating seamless connectivity given intermittent bandwidth constraints;Vasanth Vallabh B Naib, Shrisha Rao;24-27 Aug. 2011;https://ieeexplore.ieee.org/document/6042517/;https://ieeexplore.ieee.org/stamp/stamp.jsp?tp=&arnumber=6042517;seamless+connectivity+AND+mobile_IEEEXplore.csv;IEEEXplore;1;1;10.1109/CASE.2011.6042517;y
Achieve User Authentication and Seamless Connectivity on WiFi and WiMAX Interworked Wireless City;Yu-Tso Chen;2-4 July 2007;https://ieeexplore.ieee.org/document/4284143/;https://ieeexplore.ieee.org/stamp/stamp.jsp?tp=&arnumber=4284143;seamless+connectivity+AND+mobile_IEEEXplore.csv;IEEEXplore;2;18;10.1109/WOCN.2007.4284143;y
Dynamic Femtocell gNB On/Off Strategies and Seamless Dual Connectivity in 5G Heterogeneous Cellular Networks;Xiaoge Huang, She Tang, Qian Zheng, Dongyu Zhang, Qianbin Chen;2018;https://ieeexplore.ieee.org/document/8265215/;https://ieeexplore.ieee.org/stamp/stamp.jsp?tp=&arnumber=8265215;seamless+connectivity+AND+mobile_IEEEXplore.csv;IEEEXplore;1;0;10.1109/ACCESS.2018.2796126;y
Efficient traffic offloading for seamless connectivity in 5G networks onboard high speed trains;Leila Jalili, Ali Parichehreh, Stefan Alfredsson, Johan Garcia, Anna Brunstrom;8-13 Oct. 2017;https://ieeexplore.ieee.org/document/8292462/;https://ieeexplore.ieee.org/stamp/stamp.jsp?tp=&arnumber=8292462;seamless+connectivity+AND+mobile_IEEEXplore.csv;IEEEXplore;1;0;10.1109/PIMRC.2017.8292462;y
Enhanced CRA protocol for seamless connectivity in wireless networks;Elankayer Sithirasenan, Khosrow Ramezani, Vallipuram Muthukkumarasamy;2-5 Oct. 2012;https://ieeexplore.ieee.org/document/6380852/;https://ieeexplore.ieee.org/stamp/stamp.jsp?tp=&arnumber=6380852;seamless+connectivity+AND+mobile_IEEEXplore.csv;IEEEXplore;1;3;10.1109/ISCIT.2012.6380852;y
Seamless Connectivity Scheme for Heterogeneous Wireless Networks;Iyad Alkhayat, Anup Kumar, Adel Elmaghraby;16-19 Dec. 2008;https://ieeexplore.ieee.org/document/4775651/;https://ieeexplore.ieee.org/stamp/stamp.jsp?tp=&arnumber=4775651;seamless+connectivity+AND+mobile_IEEEXplore.csv;IEEEXplore;4;1;10.1109/ISSPIT.2008.4775651;y
Seamless Connectivity and Routing in Vehicular Networks with Infrastructure;Stefano Annese, Claudio Casetti, Carla-Fabiana Chiasserini, Nazario Di Maio, Andrea Ghittino, Massimo Reineri;Mar 11;https://ieeexplore.ieee.org/document/5719264/;https://ieeexplore.ieee.org/stamp/stamp.jsp?tp=&arnumber=5719264;seamless+connectivity+AND+mobile_IEEEXplore.csv;IEEEXplore;2;25;10.1109/JSAC.2011.110302;y
Seamless Gate-to-Gate Connectivity Concept: Onboard LTE, Wi-Fi and LAA;Ergin Dinc, Michal Vondra, Cicek Cavdar;24-27 Sept. 2017;https://ieeexplore.ieee.org/document/8288087/;https://ieeexplore.ieee.org/stamp/stamp.jsp?tp=&arnumber=8288087;seamless+connectivity+AND+mobile_IEEEXplore.csv;IEEEXplore;1;1;10.1109/VTCFall.2017.8288087;y
Seamless Mobility of Users with QoS and Connectivity Support;Luis Veloso, Eduardo Cerqueira, Edmundo Monteiro, Paulo Mendes;8-10 Oct. 2007;https://ieeexplore.ieee.org/document/4390830/;https://ieeexplore.ieee.org/stamp/stamp.jsp?tp=&arnumber=4390830;seamless+connectivity+AND+mobile_IEEEXplore.csv;IEEEXplore;4;1;10.1109/WIMOB.2007.4390830;y
m@ANGEL: autonomic management platform for seamless cognitive connectivity to the mobile internet;P. Demestichas, V. Stavroulaki, D. Boscovic, A. Lee, J. Strassner;Jun 06;https://ieeexplore.ieee.org/document/1668430/;https://ieeexplore.ieee.org/stamp/stamp.jsp?tp=&arnumber=1668430;seamless+connectivity+AND+mobile_IEEEXplore.csv;IEEEXplore;2;64;10.1109/MCOM.2006.1668430;y
A Transaction Model for Mobile Atomic Transactions;Lars Frank;25-28 March 2008;https://ieeexplore.ieee.org/document/4483025/;https://ieeexplore.ieee.org/stamp/stamp.jsp?tp=&arnumber=4483025;Mobile+transactions+AND+(BASE+OR+ACID)_IEEEXplore.csv;IEEEXplore;2;0;10.1109/WAINA.2008.208;y
A comparative study of mobile database transaction models;Ramzi A. Haraty;6-9 July 2015;https://ieeexplore.ieee.org/document/7405506/;https://ieeexplore.ieee.org/stamp/stamp.jsp?tp=&arnumber=7405506;Mobile+transactions+AND+(BASE+OR+ACID)_IEEEXplore.csv;IEEEXplore;4;0;10.1109/ISCC.2015.7405506;y
A model for transaction management in mobile databases;Ziyad T. Abdul-Mehdi, Ali Bin Mamat, Hamidah Ibrahim, Mustafa Mat Deris;May-June 2010;https://ieeexplore.ieee.org/document/5458474/;https://ieeexplore.ieee.org/stamp/stamp.jsp?tp=&arnumber=5458474;Mobile+transactions+AND+(BASE+OR+ACID)_IEEEXplore.csv;IEEEXplore;5;35;10.1109/MPOT.2010.936929;y
Analyzing mobile transactions support for DBMS;P. Serrano-Alvarado, C.L. Roncancio, M. Adiba;3-7 Sept. 2001;https://ieeexplore.ieee.org/document/953124/;https://ieeexplore.ieee.org/stamp/stamp.jsp?tp=&arnumber=953124;Mobile+transactions+AND+(BASE+OR+ACID)_IEEEXplore.csv;IEEEXplore;8;43;10.1109/DEXA.2001.953124;y
Distributed Transactions on Mobile Systems: Performance Evaluation Using SWN;Oumar Abdoul Sanghare, Mbaye Sene, Joel J. P. C. Rodrigues;5-9 June 2011;https://ieeexplore.ieee.org/document/5963020/;https://ieeexplore.ieee.org/stamp/stamp.jsp?tp=&arnumber=5963020;Mobile+transactions+AND+(BASE+OR+ACID)_IEEEXplore.csv;IEEEXplore;1;1;10.1109/icc.2011.5963020;y
Failure Resilient Criteria for Mobile Web Services Transactions;Muhammad Younas, Leonard Barolli, Makoto Ikeda;19-21 Sept. 2012;https://ieeexplore.ieee.org/document/6354727/;https://ieeexplore.ieee.org/stamp/stamp.jsp?tp=&arnumber=6354727;Mobile+transactions+AND+(BASE+OR+ACID)_IEEEXplore.csv;IEEEXplore;4;0;10.1109/EIDWT.2012.54;y
Guaranteed and consistent mobile transactions in broadcast environment;M. Mohana;20-22 Dec. 2007;https://ieeexplore.ieee.org/document/4735901/;https://ieeexplore.ieee.org/stamp/stamp.jsp?tp=&arnumber=4735901;Mobile+transactions+AND+(BASE+OR+ACID)_IEEEXplore.csv;IEEEXplore;3;0;No DOI available;y
Incorporating transaction semantics to reduce reprocessing overhead in replicated mobile data applications;Peng Liu, P. Ammann, S. Jajodia;5-5 June 1999;https://ieeexplore.ieee.org/document/776543/;https://ieeexplore.ieee.org/stamp/stamp.jsp?tp=&arnumber=776543;Mobile+transactions+AND+(BASE+OR+ACID)_IEEEXplore.csv;IEEEXplore;1;4;10.1109/ICDCS.1999.776543;y
Isolating Transactions on Replicated Content Going Mobile;Jose Enrique Armendariz-Inigo, Hendrik Decker, Francesc D. Munoz-Escoi;1-1 May 2007;https://ieeexplore.ieee.org/document/4417187/;https://ieeexplore.ieee.org/stamp/stamp.jsp?tp=&arnumber=4417187;Mobile+transactions+AND+(BASE+OR+ACID)_IEEEXplore.csv;IEEEXplore;2;0;10.1109/MDM.2007.80;y
Modeling the static and dynamic guard channel schemes for mobile transactions;Guan-Chi Chen, Su-Yin Lee;14-16 Dec. 1998;https://ieeexplore.ieee.org/document/741053/;https://ieeexplore.ieee.org/stamp/stamp.jsp?tp=&arnumber=741053;Mobile+transactions+AND+(BASE+OR+ACID)_IEEEXplore.csv;IEEEXplore;2;17;10.1109/ICPADS.1998.741053;y
Networked Data Transaction in Mobile Networks: A Prediction-based Approach Using Auction;Jun Du, Chunxiao Jiang, Erol Gelenbe, Zhu Han, Yong Ren, Mohsen Guizani;25-29 June 2018;https://ieeexplore.ieee.org/document/8450531/;https://ieeexplore.ieee.org/stamp/stamp.jsp?tp=&arnumber=8450531;Mobile+transactions+AND+(BASE+OR+ACID)_IEEEXplore.csv;IEEEXplore;1;0;10.1109/IWCMC.2018.8450531;y
Performance Evaluation of Atomic Commit Protocols for Mobile Transactions;N. Nouali, L. Boukantar, H. Drias;17-20 Sept. 2006;https://ieeexplore.ieee.org/document/4375220/;https://ieeexplore.ieee.org/stamp/stamp.jsp?tp=&arnumber=4375220;Mobile+transactions+AND+(BASE+OR+ACID)_IEEEXplore.csv;IEEEXplore;22;11;10.1109/MCWC.2006.4375220;y
Real-time atomic commitment for mobile distributed real-time transactions;YingYuan Xiao, YunSheng Liu, XiaoFeng Liu, GuoQiong Liao;26-26 Sept. 2005;https://ieeexplore.ieee.org/document/1544293/;https://ieeexplore.ieee.org/stamp/stamp.jsp?tp=&arnumber=1544293;Mobile+transactions+AND+(BASE+OR+ACID)_IEEEXplore.csv;IEEEXplore;1;0;10.1109/WCNM.2005.1544293;y
Revising transaction concepts for mobile computing;E. Pitoura, B. Bhargava;8-9 Dec. 1994;https://ieeexplore.ieee.org/document/513477/;https://ieeexplore.ieee.org/stamp/stamp.jsp?tp=&arnumber=513477;Mobile+transactions+AND+(BASE+OR+ACID)_IEEEXplore.csv;IEEEXplore;24;104;10.1109/MCSA.1994.513477;y
Security Management Model for Mobile Databases Transaction Management;Ziyad. T. Abdul-Mehdi, Ramlan Mahmod;7-11 April 2008;https://ieeexplore.ieee.org/document/4530294/;https://ieeexplore.ieee.org/stamp/stamp.jsp?tp=&arnumber=4530294;Mobile+transactions+AND+(BASE+OR+ACID)_IEEEXplore.csv;IEEEXplore;2;0;10.1109/ICTTA.2008.4530294;y
Transaction adaption in system on mobile devices (SyD): techniques and languages;W. Xie, S.B. Navathe;6-9 Oct. 2003;https://ieeexplore.ieee.org/document/1286087/;https://ieeexplore.ieee.org/stamp/stamp.jsp?tp=&arnumber=1286087;Mobile+transactions+AND+(BASE+OR+ACID)_IEEEXplore.csv;IEEEXplore;3;0;10.1109/VETECF.2003.1286087;y
Transaction policies for mobile networks;N. Santos, L. Veiga, P. Ferreira;9-9 June 2004;https://ieeexplore.ieee.org/document/1309150/;https://ieeexplore.ieee.org/stamp/stamp.jsp?tp=&arnumber=1309150;Mobile+transactions+AND+(BASE+OR+ACID)_IEEEXplore.csv;IEEEXplore;5;21;10.1109/POLICY.2004.1309150;y
A Fundamental-and-Harmonic Dual-Frequency Doppler Radar System for Vital Signs Detection Enabling Radar Movement Self-Cancellation;Fang Zhu, Kuangda Wang, Ke Wu;Nov 18;https://ieeexplore.ieee.org/document/8474325/;https://ieeexplore.ieee.org/stamp/stamp.jsp?tp=&arnumber=8474325;movement+AND+compensation+AND+(IoT+OR+Embedded+OR+mobile)_IEEEXplore.csv;IEEEXplore;1;0;10.1109/TMTT.2018.2869591;
A mechanism for three dimensional levitated movement of a small magnet;T. Nakamura, M.B. Khamesee;18-21 March 1996;https://ieeexplore.ieee.org/document/509293/;https://ieeexplore.ieee.org/stamp/stamp.jsp?tp=&arnumber=509293;movement+AND+compensation+AND+(IoT+OR+Embedded+OR+mobile)_IEEEXplore.csv;IEEEXplore;1;0;10.1109/AMC.1996.509293;
An Inertial Sensor for Mechanical Compensation of the Vehicle Vertical Movement Impact on In-Vehicle Embedded Camera Orientation;Mohamed Zayed, Jacques Boonaert;30 Sept.-3 Oct. 2007;https://ieeexplore.ieee.org/document/4357675/;https://ieeexplore.ieee.org/stamp/stamp.jsp?tp=&arnumber=4357675;movement+AND+compensation+AND+(IoT+OR+Embedded+OR+mobile)_IEEEXplore.csv;IEEEXplore;2;2;10.1109/ITSC.2007.4357675;
Compensative mechanism based on steerable antennas for High Altitude Platform movement;Hui Li, Xin Xu, Mingchuan Yang, Qing Guo;17-19 Aug. 2011;https://ieeexplore.ieee.org/document/6158277/;https://ieeexplore.ieee.org/stamp/stamp.jsp?tp=&arnumber=6158277;movement+AND+compensation+AND+(IoT+OR+Embedded+OR+mobile)_IEEEXplore.csv;IEEEXplore;1;1;10.1109/ChinaCom.2011.6158277;
Handover movement informing receiver of weight load as informative motion study for human-friendly robot;Takafumi Matsumaru;27 Sept.-2 Oct. 2009;https://ieeexplore.ieee.org/document/5326346/;https://ieeexplore.ieee.org/stamp/stamp.jsp?tp=&arnumber=5326346;movement+AND+compensation+AND+(IoT+OR+Embedded+OR+mobile)_IEEEXplore.csv;IEEEXplore;1;0;10.1109/ROMAN.2009.5326346;
Obstacle crossing of a real, compliant robot based on local evasion movements and averaging of stance heights using singular value decomposition;Jan Paskarbeit, Malte Schilling, Josef Schmitz, Axel Schneider;26-30 May 2015;https://ieeexplore.ieee.org/document/7139631/;https://ieeexplore.ieee.org/stamp/stamp.jsp?tp=&arnumber=7139631;movement+AND+compensation+AND+(IoT+OR+Embedded+OR+mobile)_IEEEXplore.csv;IEEEXplore;1;3;10.1109/ICRA.2015.7139631;
Random Wobbles in the Movement of a Route-Following Robot: Simulating Neuromotor Deficit Using an Embedded Navigation System;Argus Sun;24-26 June 2013;https://ieeexplore.ieee.org/document/6579405/;https://ieeexplore.ieee.org/stamp/stamp.jsp?tp=&arnumber=6579405;movement+AND+compensation+AND+(IoT+OR+Embedded+OR+mobile)_IEEEXplore.csv;IEEEXplore;1;0;10.1109/ICISA.2013.6579405;
Use of the MIME robotic system to retrain multijoint reaching in post-stroke hemiparesis: why some movement patterns work better than others;P.S. Lum, C.G. Burgar, P.C. Shor;17-21 Sept. 2003;https://ieeexplore.ieee.org/document/1279614/;https://ieeexplore.ieee.org/stamp/stamp.jsp?tp=&arnumber=1279614;movement+AND+compensation+AND+(IoT+OR+Embedded+OR+mobile)_IEEEXplore.csv;IEEEXplore;1;6;10.1109/IEMBS.2003.1279614;
A Web-based design for the mobile transaction management of a distributed database system;Jianting Zhong, Wanlei Zhou;22-25 Sept. 1998;https://ieeexplore.ieee.org/document/713621/;https://ieeexplore.ieee.org/stamp/stamp.jsp?tp=&arnumber=713621;Mobile+transactions+AND+consistency_IEEEXplore.csv;IEEEXplore;2;0;10.1109/TOOLS.1998.713621;y
A probability-based approach of transaction consistency in mobile environments;Huaizhong Lin, Chun Chen, Bo Zhou;16-19 Oct. 2001;https://ieeexplore.ieee.org/document/962639/;https://ieeexplore.ieee.org/stamp/stamp.jsp?tp=&arnumber=962639;Mobile+transactions+AND+consistency_IEEEXplore.csv;IEEEXplore;6;11;10.1109/ICCNMC.2001.962639;y
Concurrency control of real-time transactions with disconnections in mobile computing environment;GuoQiong Liao, YunSheng Liu, LiNa Wang, ChuJi Peng;20-23 Oct. 2003;https://ieeexplore.ieee.org/document/1243047/;https://ieeexplore.ieee.org/stamp/stamp.jsp?tp=&arnumber=1243047;Mobile+transactions+AND+consistency_IEEEXplore.csv;IEEEXplore;4;17;10.1109/ICCNMC.2003.1243047;y
Context-Aware Mobile Services Transactions;Muhammad Younas, Soraya Kouadri Mostéfaoui;20-23 April 2010;https://ieeexplore.ieee.org/document/5474804/;https://ieeexplore.ieee.org/stamp/stamp.jsp?tp=&arnumber=5474804;Mobile+transactions+AND+consistency_IEEEXplore.csv;IEEEXplore;5;11;10.1109/AINA.2010.157;y
Efficient optimistic concurrency control for mobile real-time transactions in a wireless data broadcast environment;Li Guohui, Yang Bing, Chen Jixiong;17-19 Aug. 2005;https://ieeexplore.ieee.org/document/1541121/;https://ieeexplore.ieee.org/stamp/stamp.jsp?tp=&arnumber=1541121;Mobile+transactions+AND+consistency_IEEEXplore.csv;IEEEXplore;4;18;10.1109/RTCSA.2005.42;y
Improving data consistency in mobile computing using isolation-only transactions;Qi Lu, M. Satyanarayanan;4-5 May 1995;https://ieeexplore.ieee.org/document/513467/;https://ieeexplore.ieee.org/stamp/stamp.jsp?tp=&arnumber=513467;Mobile+transactions+AND+consistency_IEEEXplore.csv;IEEEXplore;12;91;10.1109/HOTOS.1995.513467;y
Improving the Success Rate of Concurrent Mobile Transactions by Predicting Time for Execution;Salman Abdul Moiz, Umesh Kumar Choudhary;20-23 Dec. 2014;https://ieeexplore.ieee.org/document/7024677/;https://ieeexplore.ieee.org/stamp/stamp.jsp?tp=&arnumber=7024677;Mobile+transactions+AND+consistency_IEEEXplore.csv;IEEEXplore;3;0;10.1109/UNESST.2014.13;y
Increasing mobile transaction concurrency in dynamically configurable environments;A. Brayner, J.A. Filho;6-10 June 2005;https://ieeexplore.ieee.org/document/1437237/;https://ieeexplore.ieee.org/stamp/stamp.jsp?tp=&arnumber=1437237;Mobile+transactions+AND+consistency_IEEEXplore.csv;IEEEXplore;4;9;10.1109/ICDCSW.2005.76;y
Loosely-coupled, mobile replication of objects with transactions;L. Veiga, N. Santos, R. Lebre, P. Ferreira;9-9 July 2004;https://ieeexplore.ieee.org/document/1316154/;https://ieeexplore.ieee.org/stamp/stamp.jsp?tp=&arnumber=1316154;Mobile+transactions+AND+consistency_IEEEXplore.csv;IEEEXplore;3;9;10.1109/ICPADS.2004.1316154;y
Mobile transaction system for supporting mobile work;H.N. Le, M. Nygaard;22-26 Aug. 2005;https://ieeexplore.ieee.org/document/1508420/;https://ieeexplore.ieee.org/stamp/stamp.jsp?tp=&arnumber=1508420;Mobile+transactions+AND+consistency_IEEEXplore.csv;IEEEXplore;5;15;10.1109/DEXA.2005.136;y
Resource conservation in a mobile transaction system;Qi Lu, M. Satyanarayanan;Mar 97;https://ieeexplore.ieee.org/document/580426/;https://ieeexplore.ieee.org/stamp/stamp.jsp?tp=&arnumber=580426;Mobile+transactions+AND+consistency_IEEEXplore.csv;IEEEXplore;6;16;10.1109/12.580426;y
Seamless mobile transaction processing: models, protocols and software tools;V.K. Murthy;29-29 June 2001;https://ieeexplore.ieee.org/document/934813/;https://ieeexplore.ieee.org/stamp/stamp.jsp?tp=&arnumber=934813;Mobile+transactions+AND+consistency_IEEEXplore.csv;IEEEXplore;6;10;10.1109/ICPADS.2001.934813;y
Systemic support for transaction-based spatial-temporal programming of mobile robot swarms;Daniel Graff, Daniel Röhrig, Reinhardt Karnapke;26-29 Oct. 2015;https://ieeexplore.ieee.org/document/7365921/;https://ieeexplore.ieee.org/stamp/stamp.jsp?tp=&arnumber=7365921;Mobile+transactions+AND+consistency_IEEEXplore.csv;IEEEXplore;3;1;10.1109/LCNW.2015.7365921;
Transaction processing in mobile, heterogeneous database systems;J.B. Lim, A.R. Hurson;Nov.-Dec. 2002;https://ieeexplore.ieee.org/document/1047771/;https://ieeexplore.ieee.org/stamp/stamp.jsp?tp=&arnumber=1047771;Mobile+transactions+AND+consistency_IEEEXplore.csv;IEEEXplore;13;83;10.1109/TKDE.2002.1047771;y
A cloud based dual-root trust model for secure mobile online transactions;Li Li, Dijiang Huang, Zhidong Shen, Samia Bouzefrane;7-10 April 2013;https://ieeexplore.ieee.org/document/6555287/;https://ieeexplore.ieee.org/stamp/stamp.jsp?tp=&arnumber=6555287;Mobile+transaction+models_IEEEXplore.csv;IEEEXplore;4;1;10.1109/WCNC.2013.6555287;y
A new formal model based on P-system for mobile transactions;Zhengwei Qi, Ruonan Rao, Guangtao Xue, Jinyuan You;15-18 Sept. 2004;https://ieeexplore.ieee.org/document/1357985/;https://ieeexplore.ieee.org/stamp/stamp.jsp?tp=&arnumber=1357985;Mobile+transaction+models_IEEEXplore.csv;IEEEXplore;1;0;10.1109/SCC.2004.1357985;y
A transaction model for supporting mobile collaborative works;Hien Nam Le, Mads Nygard;25-25 May 2007;https://ieeexplore.ieee.org/document/4621774/;https://ieeexplore.ieee.org/stamp/stamp.jsp?tp=&arnumber=4621774;Mobile+transaction+models_IEEEXplore.csv;IEEEXplore;1;3;10.1109/CTS.2007.4621774;y
Connection Fault-Tolerant Model for distributed transaction processing in mobile computing environment;Tome Dimovski, Pece Mitrevski;27-30 June 2011;https://ieeexplore.ieee.org/document/5974011/;https://ieeexplore.ieee.org/stamp/stamp.jsp?tp=&arnumber=5974011;Mobile+transaction+models_IEEEXplore.csv;IEEEXplore;4;15;No DOI available;y
Data Transaction Modeling in Mobile Networks: Contract Mechanism and Performance Analysis;Jun Du, Erol Gelenbe, Chunxiao Jiang, Haijun Zhang, Zhu Han, Yong Ren;4-8 Dec. 2017;https://ieeexplore.ieee.org/document/8255078/;https://ieeexplore.ieee.org/stamp/stamp.jsp?tp=&arnumber=8255078;Mobile+transaction+models_IEEEXplore.csv;IEEEXplore;1;1;10.1109/GLOCOM.2017.8255078;y
Simulation framework for travel trajectory generation and mobile transaction modeling;Eric Hsueh-Chan Lu, Josh Jia-Ching Ying, Huan-Sheng Chen, Kawuu W. Lin, Vincent S. Tseng, Huan-Wen Tsai, Kuang Hung Cheng, Shun-Chieh Lin;14-16 Aug. 2012;https://ieeexplore.ieee.org/document/6449721/;https://ieeexplore.ieee.org/stamp/stamp.jsp?tp=&arnumber=6449721;Mobile+transaction+models_IEEEXplore.csv;IEEEXplore;1;0;10.1109/ISIC.2012.6449721;y
The P-system based model for mobile transactions;Zhengwei Qi, Cheng Fu, Dongyu Shi, Jinyuan You;16-16 Sept. 2004;https://ieeexplore.ieee.org/document/1357250/;https://ieeexplore.ieee.org/stamp/stamp.jsp?tp=&arnumber=1357250;Mobile+transaction+models_IEEEXplore.csv;IEEEXplore;1;0;10.1109/CIT.2004.1357250;y
Transaction-centric Mobile-Payment Classification Model;Abdulkareem Aljohani, Khalid Al-Begain;25-27 Sept. 2013;https://ieeexplore.ieee.org/document/6658102/;https://ieeexplore.ieee.org/stamp/stamp.jsp?tp=&arnumber=6658102;Mobile+transaction+models_IEEEXplore.csv;IEEEXplore;1;3;10.1109/NGMAST.2013.21;y
A High-Order Model for Fast Estimation of Electromagnetic Absorption Induced by Multiple Transmitters in Portable Devices;Jian Li, Su Yan, Yanan Liu, Bertrand M. Hochwald, Jian-Ming Jin;Dec 17;https://ieeexplore.ieee.org/document/7982805/;https://ieeexplore.ieee.org/stamp/stamp.jsp?tp=&arnumber=7982805;portable+device+AND+transaction+AND+mobile_IEEEXplore.csv;IEEEXplore;1;1;10.1109/TAP.2017.2728090;
A portable multimedia information device in a wireless optical data link;G. Pang, G. Poon;Feb 01;https://ieeexplore.ieee.org/document/920424/;https://ieeexplore.ieee.org/stamp/stamp.jsp?tp=&arnumber=920424;portable+device+AND+transaction+AND+mobile_IEEEXplore.csv;IEEEXplore;1;3;10.1109/30.920424;
Acoustic Emissions From Active Cooling Solutions for Portable Devices;Ed Walsh, Patrick Walsh, Jeff Punch, Ronan Grimes;Dec 09;https://ieeexplore.ieee.org/document/5290025/;https://ieeexplore.ieee.org/stamp/stamp.jsp?tp=&arnumber=5290025;portable+device+AND+transaction+AND+mobile_IEEEXplore.csv;IEEEXplore;1;6;10.1109/TCAPT.2009.2027605;
Algorithm and Architecture Design of Power-Oriented H.264/AVC Baseline Profile Encoder for Portable Devices;Yu-Han Chen, Tung-Chien Chen, Chuan-Yung Tsai, Sung-Fang Tsai, Liang-Gee Chen;Aug 09;https://ieeexplore.ieee.org/document/4811990/;https://ieeexplore.ieee.org/stamp/stamp.jsp?tp=&arnumber=4811990;portable+device+AND+transaction+AND+mobile_IEEEXplore.csv;IEEEXplore;1;25;10.1109/TCSVT.2009.2020323;
Data access aggregation for context-aware services on CE portable devices;Hiromi Narimatsu, Hiroyuki Kasai;Nov 11;https://ieeexplore.ieee.org/document/6131179/;https://ieeexplore.ieee.org/stamp/stamp.jsp?tp=&arnumber=6131179;portable+device+AND+transaction+AND+mobile_IEEEXplore.csv;IEEEXplore;1;1;10.1109/TCE.2011.6131179;
Delegation-based robust authentication model for wireless roaming using portable communication devices;Pardeep Kumar, Andrei Gurtov, Jari Iinatti, Sang-gon Lee;Nov 14;https://ieeexplore.ieee.org/document/7027341/;https://ieeexplore.ieee.org/stamp/stamp.jsp?tp=&arnumber=7027341;portable+device+AND+transaction+AND+mobile_IEEEXplore.csv;IEEEXplore;1;3;10.1109/TCE.2014.7027341;
Motion Mode Recognition for Indoor Pedestrian Navigation Using Portable Devices;Mostafa Elhoushi, Jacques Georgy, Aboelmagd Noureldin, Michael J. Korenberg;Jan 16;https://ieeexplore.ieee.org/document/7286809/;https://ieeexplore.ieee.org/stamp/stamp.jsp?tp=&arnumber=7286809;portable+device+AND+transaction+AND+mobile_IEEEXplore.csv;IEEEXplore;1;25;10.1109/TIM.2015.2477159;
Smart Charging Technologies for Portable Electronic Devices;Stefan Hild, Sean Leavey, Christian Gräf, Borja Sorazu;Jan 14;https://ieeexplore.ieee.org/document/6609120/;https://ieeexplore.ieee.org/stamp/stamp.jsp?tp=&arnumber=6609120;portable+device+AND+transaction+AND+mobile_IEEEXplore.csv;IEEEXplore;1;2;10.1109/TSG.2013.2281853;
A Bayesian Approach for Disconnection Management in Mobile Ad Hoc Networks;Massimiliano de Leoni, Massimo Mecella, Ruggero Russo;18-20 June 2007;https://ieeexplore.ieee.org/document/4407127/;https://ieeexplore.ieee.org/stamp/stamp.jsp?tp=&arnumber=4407127;Disconnection+management+AND+(mobile+environments+OR+mobile+systems+OR+mobile+transactions)_IEEEXplore.csv;IEEEXplore;1;5;10.1109/WETICE.2007.4407127;
A Generic Architecture Supporting Context-Aware Data and Transaction Management for Mobile Applications;Steffen Vaupel, Damian Wlochowitz, Gabriele Taentzer;16-17 May 2016;https://ieeexplore.ieee.org/document/7832973/;https://ieeexplore.ieee.org/stamp/stamp.jsp?tp=&arnumber=7832973;mobile+transaction+AND+execution_IEEEXplore.csv;IEEEXplore;2;0;10.1109/MobileSoft.2016.035;y
A mobile transaction processing system to improve concurrency in mobile database;M. Mohana, C. Jayakumar;26-28 Dec. 2013;https://ieeexplore.ieee.org/document/6724253/;https://ieeexplore.ieee.org/stamp/stamp.jsp?tp=&arnumber=6724253;mobile+transaction+AND+execution_IEEEXplore.csv;IEEEXplore;1;0;10.1109/ICCIC.2013.6724253;y
Agent-Based Infrastructure for Data and Transaction Management in Mobile Heterogeneous Environment;Machigar Ongtang, Ali R. Hurson, Yu Jiao;6-8 Jan. 2009;https://ieeexplore.ieee.org/document/4797269/;https://ieeexplore.ieee.org/stamp/stamp.jsp?tp=&arnumber=4797269;mobile+transaction+AND+execution_IEEEXplore.csv;IEEEXplore;1;1;10.1109/CMC.2009.321;y
Broadcast of consistent data to read-only transactions from mobile clients;Kam-Yiu Lam, Mei-Wai Au, Edward Chan;25-26 Feb. 1999;https://ieeexplore.ieee.org/document/749280/;https://ieeexplore.ieee.org/stamp/stamp.jsp?tp=&arnumber=749280;mobile+transaction+AND+execution_IEEEXplore.csv;IEEEXplore;2;56;10.1109/MCSA.1999.749280;y
Defensive protocol to ensure safe Mobile Financial Transaction in current context;Md. Hasib Firoz, Zulfiquar Ahmed;18-20 Jan. 2017;https://ieeexplore.ieee.org/document/7886157/;https://ieeexplore.ieee.org/stamp/stamp.jsp?tp=&arnumber=7886157;mobile+transaction+AND+execution_IEEEXplore.csv;IEEEXplore;2;0;10.1109/ACDT.2017.7886157;y
Enforcing interdependencies and executing transactions atomically over autonomous mobile data stores using SyD link technology;S.K. Prasad, A.G. Bourgeois, E. Dogdu, R. Sunderraman, Yi Pan, S. Navathe, V. Madisetti;19-22 May 2003;https://ieeexplore.ieee.org/document/1203650/;https://ieeexplore.ieee.org/stamp/stamp.jsp?tp=&arnumber=1203650;mobile+transaction+AND+execution_IEEEXplore.csv;IEEEXplore;1;21;10.1109/ICDCSW.2003.1203650;y
Location Dependent Transaction for Mobile Environment;A. Alqerem, W. Hussak;24-28 April 2006;https://ieeexplore.ieee.org/document/1684879/;https://ieeexplore.ieee.org/stamp/stamp.jsp?tp=&arnumber=1684879;mobile+transaction+AND+execution_IEEEXplore.csv;IEEEXplore;4;14;10.1109/ICTTA.2006.1684879;y
Mobility Management Scheme for Context-Aware Transactions in Pervasive and Mobile Cyberspace;Muhammad Younas, Irfan Awan;Mar 13;https://ieeexplore.ieee.org/document/6195011/;https://ieeexplore.ieee.org/stamp/stamp.jsp?tp=&arnumber=6195011;mobile+transaction+AND+execution_IEEEXplore.csv;IEEEXplore;4;16;10.1109/TIE.2012.2198032;y
Multi-step transactions specification and verification in a mobile database community;Rafat Alshorman, Walter Hussak;7-11 April 2008;https://ieeexplore.ieee.org/document/4530295/;https://ieeexplore.ieee.org/stamp/stamp.jsp?tp=&arnumber=4530295;mobile+transaction+AND+execution_IEEEXplore.csv;IEEEXplore;1;0;10.1109/ICTTA.2008.4530295;y
On transaction processing with partial validation and timestamp ordering in mobile broadcast environments;V.C.S. Lee, Kwok-Wa Lam, S.H. Son, E.Y.M. Chan;Oct 02;https://ieeexplore.ieee.org/document/1039845/;https://ieeexplore.ieee.org/stamp/stamp.jsp?tp=&arnumber=1039845;mobile+transaction+AND+execution_IEEEXplore.csv;IEEEXplore;7;90;10.1109/TC.2002.1039845;y
Real-time transaction management in mobile computing systems;E. Kayan, O. Ulusoy;21-21 April 1999;https://ieeexplore.ieee.org/document/765744/;https://ieeexplore.ieee.org/stamp/stamp.jsp?tp=&arnumber=765744;mobile+transaction+AND+execution_IEEEXplore.csv;IEEEXplore;5;40;10.1109/DASFAA.1999.765744;y
Real-time transaction processing with partial validation at mobile clients;V.C.S. Lee, Kwok-Wa Lam, S.H. Son;12-14 Dec. 2000;https://ieeexplore.ieee.org/document/896429/;https://ieeexplore.ieee.org/stamp/stamp.jsp?tp=&arnumber=896429;mobile+transaction+AND+execution_IEEEXplore.csv;IEEEXplore;3;18;10.1109/RTCSA.2000.896429;y
SODA: An Algorithm to Guarantee Correctness of Concurrent Transaction Execution in Mobile P2P Databases;Zhaowen Xing, Le Gruenwald, K. K. Phang;1-5 Sept. 2008;https://ieeexplore.ieee.org/document/4624738/;https://ieeexplore.ieee.org/stamp/stamp.jsp?tp=&arnumber=4624738;mobile+transaction+AND+execution_IEEEXplore.csv;IEEEXplore;2;13;10.1109/DEXA.2008.96;y
Scheduling Real-Time Nested Transactions in Mobile Broadcast Environments;Xiangdong Lei, Wuke Li, Xiaoli Yuan;18-21 Nov. 2008;https://ieeexplore.ieee.org/document/4709120/;https://ieeexplore.ieee.org/stamp/stamp.jsp?tp=&arnumber=4709120;mobile+transaction+AND+execution_IEEEXplore.csv;IEEEXplore;5;2;10.1109/ICYCS.2008.308;y
Transaction Service Discovery in Mobile Environments;A.K. Eidsvik, R. Karlsen, P. Grace, G. Blair;18-20 April 2006;https://ieeexplore.ieee.org/document/1620381/;https://ieeexplore.ieee.org/stamp/stamp.jsp?tp=&arnumber=1620381;mobile+transaction+AND+execution_IEEEXplore.csv;IEEEXplore;1;0;10.1109/AINA.2006.335;y
3D graphics cache system to maximize memory utilization for an embedded system;Youngjin Chung, Kilwhan Lee, Jinaeon Lee, Yongsurk Lee;22-24 Nov. 2009;https://ieeexplore.ieee.org/document/5423818/;https://ieeexplore.ieee.org/stamp/stamp.jsp?tp=&arnumber=5423818;Embedded+systems+AND+mobile+transactions_IEEEXplore.csv;IEEEXplore;1;0;10.1109/SOCDC.2009.5423818;
"A 182 mW 94.3 f/s in Full HD Pattern-Matching Based Image Recognition Accelerator for an Embedded Vision System in 0.13-<formula formulatype=""inline""><tex Notation=""TeX"">$\mu{\rm m}$</tex></formula>CMOS Technology";Jun-Seok Park, Hyo-Eun Kim, Lee-Sup Kim;May 13;https://ieeexplore.ieee.org/document/6328252/;https://ieeexplore.ieee.org/stamp/stamp.jsp?tp=&arnumber=6328252;Embedded+systems+AND+mobile+transactions_IEEEXplore.csv;IEEEXplore;1;18;10.1109/TCSVT.2012.2223873;
A Laboratory Setup and Teaching Methodology for Wireless and Mobile Embedded Systems;Jean-Samuel Chenard, Zeljko Zilic, Milos Prokic;Aug 08;https://ieeexplore.ieee.org/document/4589051/;https://ieeexplore.ieee.org/stamp/stamp.jsp?tp=&arnumber=4589051;Embedded+systems+AND+mobile+transactions_IEEEXplore.csv;IEEEXplore;3;51;10.1109/TE.2008.919690;
A Low-Cost Real-Time Embedded Stereo Vision System for Accurate Disparity Estimation Based on Guided Image Filtering;Christos Ttofis, Christos Kyrkou, Theocharis Theocharides;01. Sep 16;https://ieeexplore.ieee.org/document/7353137/;https://ieeexplore.ieee.org/stamp/stamp.jsp?tp=&arnumber=7353137;Embedded+systems+AND+mobile+transactions_IEEEXplore.csv;IEEEXplore;1;11;10.1109/TC.2015.2506567;
A Robust Real-Time Embedded Vision System on an Unmanned Rotorcraft for Ground Target Following;Feng Lin, Xiangxu Dong, Ben M. Chen, Kai-Yew Lum, Tong H. Lee;Feb 12;https://ieeexplore.ieee.org/document/5940220/;https://ieeexplore.ieee.org/stamp/stamp.jsp?tp=&arnumber=5940220;Embedded+systems+AND+mobile+transactions_IEEEXplore.csv;IEEEXplore;1;54;10.1109/TIE.2011.2161248;
A Tracking System for Wireless Embedded Nodes Using Time-of-Flight Ranging;Evangelos B. Mazomenos, Jeff S. Reeve, Neil M. White, Andrew D. Brown;Dec 13;https://ieeexplore.ieee.org/document/6320554/;https://ieeexplore.ieee.org/stamp/stamp.jsp?tp=&arnumber=6320554;Embedded+systems+AND+mobile+transactions_IEEEXplore.csv;IEEEXplore;1;6;10.1109/TMC.2012.209;
A fast concurrency control algorithm in embedded real-time database system;Xiaoyu Qi;16-18 April 2010;https://ieeexplore.ieee.org/document/5486030/;https://ieeexplore.ieee.org/stamp/stamp.jsp?tp=&arnumber=5486030;Embedded+systems+AND+mobile+transactions_IEEEXplore.csv;IEEEXplore;10;92;10.1109/ICCET.2010.5486030;y
An Embedded Mobile ECG Reasoning System for Elderly Patients;Dong-Her Shih, Hsiu-Sen Chiang, Binshan Lin, Shih-Bin Lin;May 10;https://ieeexplore.ieee.org/document/4895720/;https://ieeexplore.ieee.org/stamp/stamp.jsp?tp=&arnumber=4895720;Embedded+systems+AND+mobile+transactions_IEEEXplore.csv;IEEEXplore;2;66;10.1109/TITB.2009.2021065;
An automatic flicker detection method for embedded camera systems;D. Poplin;May 06;https://ieeexplore.ieee.org/document/1649642/;https://ieeexplore.ieee.org/stamp/stamp.jsp?tp=&arnumber=1649642;Embedded+systems+AND+mobile+transactions_IEEEXplore.csv;IEEEXplore;1;11;10.1109/TCE.2006.1649642;
An embedded real-time finger-vein recognition system for mobile devices;Zhi Liu, Shangling Song;May 12;https://ieeexplore.ieee.org/document/6227456/;https://ieeexplore.ieee.org/stamp/stamp.jsp?tp=&arnumber=6227456;Embedded+systems+AND+mobile+transactions_IEEEXplore.csv;IEEEXplore;3;83;10.1109/TCE.2012.6227456;
Analysis of power dissipation in embedded systems using real-time operating systems;R.P. Dick, G. Lakshminarayana, A. Raghunathan, N.K. Jha;May 03;https://ieeexplore.ieee.org/document/1196204/;https://ieeexplore.ieee.org/stamp/stamp.jsp?tp=&arnumber=1196204;Embedded+systems+AND+mobile+transactions_IEEEXplore.csv;IEEEXplore;1;14;10.1109/TCAD.2003.810745;
Bio-Inspired Embedded Vision System for Autonomous Micro-Robots: The LGMD Case;Cheng Hu, Farshad Arvin, Caihua Xiong, Shigang Yue;Sep 17;https://ieeexplore.ieee.org/document/7480849/;https://ieeexplore.ieee.org/stamp/stamp.jsp?tp=&arnumber=7480849;Embedded+systems+AND+mobile+transactions_IEEEXplore.csv;IEEEXplore;1;1;10.1109/TCDS.2016.2574624;
Cache-Aware Scratchpad-Allocation Algorithms for Energy-Constrained Embedded Systems;M. Verma, L. Wehmeyer, P. Marwedel;Oct 06;https://ieeexplore.ieee.org/document/1677689/;https://ieeexplore.ieee.org/stamp/stamp.jsp?tp=&arnumber=1677689;Embedded+systems+AND+mobile+transactions_IEEEXplore.csv;IEEEXplore;5;13;10.1109/TCAD.2005.859523;
Comparison of Embedded System Design for Industrial Applications;Aleksander Malinowski, Hao Yu;May 11;https://ieeexplore.ieee.org/document/5755132/;https://ieeexplore.ieee.org/stamp/stamp.jsp?tp=&arnumber=5755132;Embedded+systems+AND+mobile+transactions_IEEEXplore.csv;IEEEXplore;1;97;10.1109/TII.2011.2124466;
Component-based embedded database for mobile embedded systems;S.I. Ahamed, S. Vallecha;5-7 April 2004;https://ieeexplore.ieee.org/document/1286512/;https://ieeexplore.ieee.org/stamp/stamp.jsp?tp=&arnumber=1286512;Embedded+systems+AND+mobile+transactions_IEEEXplore.csv;IEEEXplore;6;11;10.1109/ITCC.2004.1286512;y
Compressed memory swap for QoS of virtualized embedded systems;Jeaho Hwang, Jinkyu Jeong, Hwanju Kim, Jeonghwan Choi, Joonwon Lee;Aug 12;https://ieeexplore.ieee.org/document/6311325/;https://ieeexplore.ieee.org/stamp/stamp.jsp?tp=&arnumber=6311325;Embedded+systems+AND+mobile+transactions_IEEEXplore.csv;IEEEXplore;1;3;10.1109/TCE.2012.6311325;
Cosynthesis of energy-efficient multimode embedded systems with consideration of mode-execution probabilities;M.T. Schmitz, B.M. Al-Hashimi, P. Eles;Feb 05;https://ieeexplore.ieee.org/document/1386374/;https://ieeexplore.ieee.org/stamp/stamp.jsp?tp=&arnumber=1386374;Embedded+systems+AND+mobile+transactions_IEEEXplore.csv;IEEEXplore;1;21;10.1109/TCAD.2004.837729;
Cross-Layer Quality Assessment of Scalable Video Services on Mobile Embedded Systems;Kyungtae Kang, Won J. Jeon, Kyung-Joon Park, Roy H. Campbell, Klara Nahrstedt;Oct 10;https://ieeexplore.ieee.org/document/5499472/;https://ieeexplore.ieee.org/stamp/stamp.jsp?tp=&arnumber=5499472;Embedded+systems+AND+mobile+transactions_IEEEXplore.csv;IEEEXplore;1;7;10.1109/TMC.2010.119;
Design Methodologies of Transaction-Safe Cluster Allocations in TFAT File System for Embedded Storage Devices;Keshava Munegowda, G.T. Raju, Veera Manikandan Raju, T.N. Manjunath;22-24 Dec. 2014;https://ieeexplore.ieee.org/document/7033343/;https://ieeexplore.ieee.org/stamp/stamp.jsp?tp=&arnumber=7033343;Embedded+systems+AND+mobile+transactions_IEEEXplore.csv;IEEEXplore;4;0;10.1109/ICIT.2014.22;
Design and application of mobile payment system with Embedded Systems and Service Oriented Architecture;Erbug Celebi, Hasan Amca;9-11 April 2009;https://ieeexplore.ieee.org/document/5136422/;https://ieeexplore.ieee.org/stamp/stamp.jsp?tp=&arnumber=5136422;Embedded+systems+AND+mobile+transactions_IEEEXplore.csv;IEEEXplore;1;0;10.1109/SIU.2009.5136422;y
Design and construction of a robotic platform for 3D reconstruction through an embedded processing system;Eduardo Amaya-Cruz, Octavio Gutierrez-Frias, Alberto Luviano-Juarez, Humberto Sossa-Azuela;Jan 18;https://ieeexplore.ieee.org/document/8291449/;https://ieeexplore.ieee.org/stamp/stamp.jsp?tp=&arnumber=8291449;Embedded+systems+AND+mobile+transactions_IEEEXplore.csv;IEEEXplore;1;0;10.1109/TLA.2018.8291449;
Design of a Solar-Harvesting Circuit for Batteryless Embedded Systems;Davide Brunelli, Clemens Moser, Lothar Thiele, Luca Benini;Nov 09;https://ieeexplore.ieee.org/document/4785219/;https://ieeexplore.ieee.org/stamp/stamp.jsp?tp=&arnumber=4785219;Embedded+systems+AND+mobile+transactions_IEEEXplore.csv;IEEEXplore;3;243;10.1109/TCSI.2009.2015690;
Development of Embedded STT-MRAM for Mobile System-on-Chips;Kangho Lee, Seung H. Kang;Jan 11;https://ieeexplore.ieee.org/document/5676454/;https://ieeexplore.ieee.org/stamp/stamp.jsp?tp=&arnumber=5676454;Embedded+systems+AND+mobile+transactions_IEEEXplore.csv;IEEEXplore;2;103;10.1109/TMAG.2010.2075920;
Embedded Multisensor System for Safe Point-to-Point Navigation of Impaired Users;Adriano Mancini, Emanuele Frontoni, Primo Zingaretti;Dec 15;https://ieeexplore.ieee.org/document/7314916/;https://ieeexplore.ieee.org/stamp/stamp.jsp?tp=&arnumber=7314916;Embedded+systems+AND+mobile+transactions_IEEEXplore.csv;IEEEXplore;1;7;10.1109/TITS.2015.2489261;
Embedded NAND flash file system for mobile multimedia devices;Hyojun Kim, Youjip Won, Sooyong Kang;May 09;https://ieeexplore.ieee.org/document/5174420/;https://ieeexplore.ieee.org/stamp/stamp.jsp?tp=&arnumber=5174420;Embedded+systems+AND+mobile+transactions_IEEEXplore.csv;IEEEXplore;2;27;10.1109/TCE.2009.5174420;
Embedded Transmission of Multi-Service Over DTMB System;Xiaoqing Wang, Jintao Wang, Jun Wang, Yangang Li, Shigang Tang, Jian Song;Dec 10;https://ieeexplore.ieee.org/xpls/icp.jsp?arnumber=5559401;https://ieeexplore.ieee.org/stamp/stamp.jsp?tp=&arnumber=5559401;Embedded+systems+AND+mobile+transactions_IEEEXplore.csv;IEEEXplore;1;8;10.1109/TBC.2010.2067550;
Embedded middleware and software development kit for area-based distributed mobile cache system;Hiroyuki Kasai;Feb 13;https://ieeexplore.ieee.org/document/6490271/;https://ieeexplore.ieee.org/stamp/stamp.jsp?tp=&arnumber=6490271;Embedded+systems+AND+mobile+transactions_IEEEXplore.csv;IEEEXplore;1;7;10.1109/TCE.2013.6490271;
Embedded system architecture for an WLAN-based dual mode mobile phone;Sung-Bong Jang, Young-Gab Kim, Hong-Seok Na, Doo-Kwon Baik;Aug 09;https://ieeexplore.ieee.org/document/5278035/;https://ieeexplore.ieee.org/stamp/stamp.jsp?tp=&arnumber=5278035;Embedded+systems+AND+mobile+transactions_IEEEXplore.csv;IEEEXplore;1;5;10.1109/TCE.2009.5278035;
Foreword Embedded Sensor Systems;Daniela De Venuto, Thilo Sauter;Jul 18;https://ieeexplore.ieee.org/document/8410953/;https://ieeexplore.ieee.org/stamp/stamp.jsp?tp=&arnumber=8410953;Embedded+systems+AND+mobile+transactions_IEEEXplore.csv;IEEEXplore;1;0;10.1109/TCPMT.2018.2850700;
Implementation and Evaluation of Raptor Codes on Embedded Systems;Todor Mladenov, Saeid Nooshabadi, Keseon Kim;Dec 11;https://ieeexplore.ieee.org/document/5601702/;https://ieeexplore.ieee.org/stamp/stamp.jsp?tp=&arnumber=5601702;Embedded+systems+AND+mobile+transactions_IEEEXplore.csv;IEEEXplore;1;21;10.1109/TC.2010.210;
Instruction code mapping for performance increase and energy reduction in embedded computer systems;S. Parameswaran, J. Henkel;Apr 05;https://ieeexplore.ieee.org/document/1411847/;https://ieeexplore.ieee.org/stamp/stamp.jsp?tp=&arnumber=1411847;Embedded+systems+AND+mobile+transactions_IEEEXplore.csv;IEEEXplore;1;0;10.1109/TVLSI.2004.842936;
Modernization of teaching in embedded systems design-an international collaborative project;S. Nooshabadi, J. Garside;May 06;https://ieeexplore.ieee.org/document/1629221/;https://ieeexplore.ieee.org/stamp/stamp.jsp?tp=&arnumber=1629221;Embedded+systems+AND+mobile+transactions_IEEEXplore.csv;IEEEXplore;2;80;10.1109/TE.2006.872402;
Non-preemptive demand paging technique for NAND flash-based real-time embedded systems;Wangyu Kim, Dongkun Shin;Aug 10;https://ieeexplore.ieee.org/document/5606291/;https://ieeexplore.ieee.org/stamp/stamp.jsp?tp=&arnumber=5606291;Embedded+systems+AND+mobile+transactions_IEEEXplore.csv;IEEEXplore;1;7;10.1109/TCE.2010.5606291;
Notice of Violation of IEEE Publication Principles&ltbr&gtRemote patient monitoring system for rural population using ultra low power embedded system;S. Navaneethakrishnan, R. Mahendar;3-5 Jan. 2014;https://ieeexplore.ieee.org/document/6921798/;https://ieeexplore.ieee.org/stamp/stamp.jsp?tp=&arnumber=6921798;Embedded+systems+AND+mobile+transactions_IEEEXplore.csv;IEEEXplore;1;0;10.1109/ICCCI.2014.6921798;
OTP on Demand - An Embedded System for User Authentication;Siva Janakiraman, Kalavagunta Sowmya Sree, V. Leela Manasa, Sundararaman Rajagopalan, K. Thenmozhi, Rengarajan Amirtharajan;4-6 Jan. 2018;https://ieeexplore.ieee.org/document/8441400/;https://ieeexplore.ieee.org/stamp/stamp.jsp?tp=&arnumber=8441400;Embedded+systems+AND+mobile+transactions_IEEEXplore.csv;IEEEXplore;1;0;10.1109/ICCCI.2018.8441400;
Handling disconnection in mobile database transaction;Romani Farid Ibrahim;12-14 Oct. 2011;https://ieeexplore.ieee.org/document/6111015/;https://ieeexplore.ieee.org/stamp/stamp.jsp?tp=&arnumber=6111015;Mobile+transactions+AND+compensation_IEEEXplore.csv;IEEEXplore;2;1;10.1109/ICAICT.2011.6111015;y
Optimized compensation transaction for mobile telecommunication systems;Y. Yoon;14-16 Nov. 1995;https://ieeexplore.ieee.org/document/500290/;https://ieeexplore.ieee.org/stamp/stamp.jsp?tp=&arnumber=500290;Mobile+transactions+AND+compensation_IEEEXplore.csv;IEEEXplore;1;0;10.1109/GLOCOM.1995.500290;y
A lazy commit protocol for mobile transactions;Sharvanath Pathak, Gautam Barua;21-22 Feb. 2014;https://ieeexplore.ieee.org/document/6779363/;https://ieeexplore.ieee.org/stamp/stamp.jsp?tp=&arnumber=6779363;Mobile+transaction+protocols_IEEEXplore.csv;IEEEXplore;1;1;10.1109/IAdCC.2014.6779363;y
Advanced transaction scheduling protocol for multilevel secure database in wireless mobile network environment;Hee-Wan Kim, Dong-Soon Park, Hae-Kyung Rhee, Ung-Mo Kim;22-25 April 2001;https://ieeexplore.ieee.org/document/932094/;https://ieeexplore.ieee.org/stamp/stamp.jsp?tp=&arnumber=932094;Mobile+transaction+protocols_IEEEXplore.csv;IEEEXplore;1;1;10.1109/ICATM.2001.932094;y
Comparing transaction commit protocols for mobile environments;C. Bobineau, C. Labbe, C. Roncancio, P. Serrano-Alvarado;3-3 Sept. 2004;https://ieeexplore.ieee.org/document/1333552/;https://ieeexplore.ieee.org/stamp/stamp.jsp?tp=&arnumber=1333552;Mobile+transaction+protocols_IEEEXplore.csv;IEEEXplore;1;2;10.1109/DEXA.2004.1333552;y
Design and analysis of a secure agent-based mobile bill payment protocol for bulk transactions;Pemika Limpittaya, Maykin Warasart, Supakorn Kungpisdan;30 May-1 June 2012;https://ieeexplore.ieee.org/document/6261928/;https://ieeexplore.ieee.org/stamp/stamp.jsp?tp=&arnumber=6261928;Mobile+transaction+protocols_IEEEXplore.csv;IEEEXplore;1;1;10.1109/JCSSE.2012.6261928;y
Petri nets analysis of transaction and submitter management protocols in mobile distributed computing environment;A. Zaslavsky, L.H. Yeo, S.J. Lai, B. Mitelman;20-23 Sept. 1995;https://ieeexplore.ieee.org/document/540132/;https://ieeexplore.ieee.org/stamp/stamp.jsp?tp=&arnumber=540132;Mobile+transaction+protocols_IEEEXplore.csv;IEEEXplore;1;1;10.1109/ICCCN.1995.540132;y
TCOT-a timeout-based mobile transaction commitment protocol;V. Kumar, N. Prabhu, M.H. Dunham, A.Y. Seydim;Oct 02;https://ieeexplore.ieee.org/document/1039846/;https://ieeexplore.ieee.org/stamp/stamp.jsp?tp=&arnumber=1039846;Mobile+transaction+protocols_IEEEXplore.csv;IEEEXplore;16;128;10.1109/TC.2002.1039846;y
3-Axis Camera Motion Compensation Coupled with Target Tracking for Stabilized Video Capture from Small-Scale Flying Vehicle;Sun Yanjie, Dongwoon Jeon, Doo-Hyun Kim;3-5 July 2013;https://ieeexplore.ieee.org/document/6603673/;https://ieeexplore.ieee.org/stamp/stamp.jsp?tp=&arnumber=6603673;compensation+AND+(mobile+environments+OR+mobile+systems+OR+mobile+transactions)_IEEEXplore.csv;IEEEXplore;1;1;10.1109/IMIS.2013.42;
A 0.55 V 1.1 mW Artificial Intelligence Processor With On-Chip PVT Compensation for Autonomous Mobile Robots;Youchang Kim, Dongjoo Shin, Jinsu Lee, Yongsu Lee, Hoi-Jun Yoo;Feb 18;https://ieeexplore.ieee.org/document/8004525/;https://ieeexplore.ieee.org/stamp/stamp.jsp?tp=&arnumber=8004525;compensation+AND+(mobile+environments+OR+mobile+systems+OR+mobile+transactions)_IEEEXplore.csv;IEEEXplore;1;1;10.1109/TCSI.2017.2727510;
A 1.1 mW 32-thread artificial intelligence processor with 3-level transposition table and on-chip PVT compensation for autonomous mobile robots;Youchang Kim, Dongjoo Shin, Jinsu Lee, Hoi-Jun Yoo;20-22 April 2016;https://ieeexplore.ieee.org/document/7503671/;https://ieeexplore.ieee.org/stamp/stamp.jsp?tp=&arnumber=7503671;compensation+AND+(mobile+environments+OR+mobile+systems+OR+mobile+transactions)_IEEEXplore.csv;IEEEXplore;1;0;10.1109/CoolChips.2016.7503671;
A 15.5–39GHz BiCMOS VGA with phase shift compensation for 5G mobile communication transceivers;Fabio Padovan, Marc Tiebout, Andrea Neviani, Andrea Bevilacqua;12-15 Sept. 2016;https://ieeexplore.ieee.org/document/7598317/;https://ieeexplore.ieee.org/stamp/stamp.jsp?tp=&arnumber=7598317;compensation+AND+(mobile+environments+OR+mobile+systems+OR+mobile+transactions)_IEEEXplore.csv;IEEEXplore;1;2;10.1109/ESSCIRC.2016.7598317;
A CMOS dB-linear VGA with pre-distortion compensation for wireless communication applications;Yuanjin Zheng, Jiangnan Yan, Yong Ping Xu;23-26 May 2004;https://ieeexplore.ieee.org/document/1328319/;https://ieeexplore.ieee.org/stamp/stamp.jsp?tp=&arnumber=1328319;compensation+AND+(mobile+environments+OR+mobile+systems+OR+mobile+transactions)_IEEEXplore.csv;IEEEXplore;1;7;10.1109/ISCAS.2004.1328319;
A Compensation Method of the Forward Power Control in Multi-Service Hierarchical CDMA System;Jiang Ji, Kaizhi Huang, Liang Jin;21-25 Sept. 2007;https://ieeexplore.ieee.org/document/4339936/;https://ieeexplore.ieee.org/stamp/stamp.jsp?tp=&arnumber=4339936;compensation+AND+(mobile+environments+OR+mobile+systems+OR+mobile+transactions)_IEEEXplore.csv;IEEEXplore;1;0;10.1109/WICOM.2007.161;
A Current-Mode Buck Converter With Reconfigurable On-Chip Compensation and Adaptive Voltage Positioning;Ching-Jan Chen, Shao-Hung Lu, Sheng-Fu Hsiao, Yung-Jen Chen, Jian-Rong Huang;Jan 19;https://ieeexplore.ieee.org/document/8340182/;https://ieeexplore.ieee.org/stamp/stamp.jsp?tp=&arnumber=8340182;compensation+AND+(mobile+environments+OR+mobile+systems+OR+mobile+transactions)_IEEEXplore.csv;IEEEXplore;1;0;10.1109/TPEL.2018.2827949;
A Fast Digital Predistortion Algorithm for Radio-Frequency Power Amplifier Linearization With Loop Delay Compensation;Hao Li, Dae Hyun Kwon, Deming Chen, Yun Chiu;Jun 09;https://ieeexplore.ieee.org/document/4939433/;https://ieeexplore.ieee.org/stamp/stamp.jsp?tp=&arnumber=4939433;compensation+AND+(mobile+environments+OR+mobile+systems+OR+mobile+transactions)_IEEEXplore.csv;IEEEXplore;1;45;10.1109/JSTSP.2009.2020562;
A Hybrid AMOLED Driver IC for Real-Time TFT Nonuniformity Compensation;Jun-Suk Bang, Hyun-Sik Kim, Ki-Duk Kim, Oh-Jo Kwon, Choong-Sun Shin, Joohyung Lee, Gyu-Hyeong Cho;Apr 16;https://ieeexplore.ieee.org/document/7400971/;https://ieeexplore.ieee.org/stamp/stamp.jsp?tp=&arnumber=7400971;compensation+AND+(mobile+environments+OR+mobile+systems+OR+mobile+transactions)_IEEEXplore.csv;IEEEXplore;1;3;10.1109/JSSC.2015.2504416;
A Kind of Supplier Relationship Management Mechanism with Stock-Outs Compensation in E-Commerce;Guangshu Chang;21-25 Sept. 2007;https://ieeexplore.ieee.org/document/4340671/;https://ieeexplore.ieee.org/stamp/stamp.jsp?tp=&arnumber=4340671;compensation+AND+(mobile+environments+OR+mobile+systems+OR+mobile+transactions)_IEEEXplore.csv;IEEEXplore;1;0;10.1109/WICOM.2007.896;
A Minimal Fuzzy Gain Scheduling Speed Controller and Torque Compensation for the Variable Sampling System of BLDC Motors;Chung-Wen Hung, Jhih-Han Chen, Hsuan T. Chang;30 June-2 July 2011;https://ieeexplore.ieee.org/document/5976252/;https://ieeexplore.ieee.org/stamp/stamp.jsp?tp=&arnumber=5976252;compensation+AND+(mobile+environments+OR+mobile+systems+OR+mobile+transactions)_IEEEXplore.csv;IEEEXplore;1;4;10.1109/IMIS.2011.85;
A New Link Maintenance and Compensation Model for Cognitive UWB Radio Systems;Jin Tian, Guangguo Bi;21-23 June 2006;https://ieeexplore.ieee.org/document/4068578/;https://ieeexplore.ieee.org/stamp/stamp.jsp?tp=&arnumber=4068578;compensation+AND+(mobile+environments+OR+mobile+systems+OR+mobile+transactions)_IEEEXplore.csv;IEEEXplore;1;9;10.1109/ITST.2006.288867;
A Novel Compensation Method of Nonlinear Distortions in OFDM System;Jing Yang, Xiaomin Mu, Shouyi Yang, Lin Qi;12-15 Dec. 2006;https://ieeexplore.ieee.org/document/4212356/;https://ieeexplore.ieee.org/stamp/stamp.jsp?tp=&arnumber=4212356;compensation+AND+(mobile+environments+OR+mobile+systems+OR+mobile+transactions)_IEEEXplore.csv;IEEEXplore;1;0;10.1109/ISPACS.2006.364738;
A Smart Solution for Fair Value Compensation (FVC) in EV-Batteries Based Mobile Microgrid;Raziq Yaqub, Azaz Tariq, Yu Cao;17-19 Dec. 2012;https://ieeexplore.ieee.org/document/6424326/;https://ieeexplore.ieee.org/stamp/stamp.jsp?tp=&arnumber=6424326;compensation+AND+(mobile+environments+OR+mobile+systems+OR+mobile+transactions)_IEEEXplore.csv;IEEEXplore;1;1;10.1109/FIT.2012.47;
A comparison between ship-mounted and cage-mounted passive heave compensation systems;F.R. Driscoll, M. Nahon, R.G. Lueck;28 Sept.-1 Oct. 1998;https://ieeexplore.ieee.org/document/726310/;https://ieeexplore.ieee.org/stamp/stamp.jsp?tp=&arnumber=726310;compensation+AND+(mobile+environments+OR+mobile+systems+OR+mobile+transactions)_IEEEXplore.csv;IEEEXplore;1;4;10.1109/OCEANS.1998.726310;
A comparison of human body compensation models for RSSI based localization and tracking;Jens Trogh, David Plets, Arno Thielens, Luc Martens, Wout Joseph;12-15 Sept. 2016;https://ieeexplore.ieee.org/document/7580832/;https://ieeexplore.ieee.org/stamp/stamp.jsp?tp=&arnumber=7580832;compensation+AND+(mobile+environments+OR+mobile+systems+OR+mobile+transactions)_IEEEXplore.csv;IEEEXplore;1;0;10.1109/ISC2.2016.7580832;
A compensation scheme for timing synchronization error In GPP-SDR LTE system;Xiaofeng Tao, Kaidong Wang, Haiyang He, Yanzhao Hou, Jiang Han;15-17 Aug. 2012;https://ieeexplore.ieee.org/document/6356904/;https://ieeexplore.ieee.org/stamp/stamp.jsp?tp=&arnumber=6356904;compensation+AND+(mobile+environments+OR+mobile+systems+OR+mobile+transactions)_IEEEXplore.csv;IEEEXplore;1;0;10.1109/ICCChina.2012.6356904;
A cross-polarization discrimination compensation algorithm for polarization modulation;Jinjin Yuan, Fangfang Liu, Caili Guo, Chunyan Feng, Yao Nie;4-8 Sept. 2016;https://ieeexplore.ieee.org/document/7794760/;https://ieeexplore.ieee.org/stamp/stamp.jsp?tp=&arnumber=7794760;compensation+AND+(mobile+environments+OR+mobile+systems+OR+mobile+transactions)_IEEEXplore.csv;IEEEXplore;1;2;10.1109/PIMRC.2016.7794760;
A digital Rayleigh fade compensation technique for coherent IJF-OQPSK systems;J. Yang, K. Feher;6-9 May 1990;https://ieeexplore.ieee.org/document/110412/;https://ieeexplore.ieee.org/stamp/stamp.jsp?tp=&arnumber=110412;compensation+AND+(mobile+environments+OR+mobile+systems+OR+mobile+transactions)_IEEEXplore.csv;IEEEXplore;1;8;10.1109/VETEC.1990.110412;
A frequency offset compensation method for ultra narrowband digital wireless modems;Young-Jun Chong, Sung-Jin You, Min-Soo Kang, Myung-Sun Song, Seung-Hyeub Oh;5-8 Sept. 2004;https://ieeexplore.ieee.org/document/1373922/;https://ieeexplore.ieee.org/stamp/stamp.jsp?tp=&arnumber=1373922;compensation+AND+(mobile+environments+OR+mobile+systems+OR+mobile+transactions)_IEEEXplore.csv;IEEEXplore;1;3;10.1109/PIMRC.2004.1373922;
A fuzzy compensation technique for cooperative control between two actuations of an one-wheel robot;Sang-Deok Lee, Seul Jung;16-19 Oct. 2016;https://ieeexplore.ieee.org/document/7832393/;https://ieeexplore.ieee.org/stamp/stamp.jsp?tp=&arnumber=7832393;compensation+AND+(mobile+environments+OR+mobile+systems+OR+mobile+transactions)_IEEEXplore.csv;IEEEXplore;1;0;10.1109/ICCAS.2016.7832393;
A guard interval based frequency offset compensation scheme for MC-CDMA up-link;Mashury, H. Ali;17-17 Dec. 2003;https://ieeexplore.ieee.org/document/1341136/;https://ieeexplore.ieee.org/stamp/stamp.jsp?tp=&arnumber=1341136;compensation+AND+(mobile+environments+OR+mobile+systems+OR+mobile+transactions)_IEEEXplore.csv;IEEEXplore;1;1;10.1109/ISSPIT.2003.1341136;
A harmonic compensation approach for interlinking voltage source converters in hybrid AC-DC microgrids with low switching frequency;Hao Tian, Xiaohan Wen, Yun Wei Li;Mar 18;https://ieeexplore.ieee.org/document/8315201/;https://ieeexplore.ieee.org/stamp/stamp.jsp?tp=&arnumber=8315201;compensation+AND+(mobile+environments+OR+mobile+systems+OR+mobile+transactions)_IEEEXplore.csv;IEEEXplore;1;0;10.17775/CSEEJPES.2016.01550;
A high parallel motion compensation implementation on a coarse-grained reconfigurable processor supporting H.264 high profile decoding;Wei Liu, Leibo Liu, Shouyi Yin, Shaojun Wei;28-31 Oct. 2014;https://ieeexplore.ieee.org/document/7021401/;https://ieeexplore.ieee.org/stamp/stamp.jsp?tp=&arnumber=7021401;compensation+AND+(mobile+environments+OR+mobile+systems+OR+mobile+transactions)_IEEEXplore.csv;IEEEXplore;1;1;10.1109/ICSICT.2014.7021401;
A hybrid motion compensation for wide and fixed field-of-view image sequences;Chan Yul Park, Nam Ik Cho;27-29 June 2012;https://ieeexplore.ieee.org/document/6264322/;https://ieeexplore.ieee.org/stamp/stamp.jsp?tp=&arnumber=6264322;compensation+AND+(mobile+environments+OR+mobile+systems+OR+mobile+transactions)_IEEEXplore.csv;IEEEXplore;1;0;10.1109/BMSB.2012.6264322;
A limited feedback transmission scheme based on MS compensation in the 3D MIMO system;Dongsheng Han, Wei Yang, Yuefeng Peng, Yuan Zhu;Supplement 2014;https://ieeexplore.ieee.org/document/7085390/;https://ieeexplore.ieee.org/stamp/stamp.jsp?tp=&arnumber=7085390;compensation+AND+(mobile+environments+OR+mobile+systems+OR+mobile+transactions)_IEEEXplore.csv;IEEEXplore;1;1;10.1109/CC.2014.7085390;
A multi-layer control scheme for multi-robot formations with adaptive dynamic compensation;Alexandre Santos Brandao, Felipe Nascimento Martins, Vinicius Thiago Lecco Rampinelli, Mario Sarcinelli-Filho, Teodiano Freire Bastos-Filho, Ricardo Carelli;14-17 April 2009;https://ieeexplore.ieee.org/document/4957216/;https://ieeexplore.ieee.org/stamp/stamp.jsp?tp=&arnumber=4957216;compensation+AND+(mobile+environments+OR+mobile+systems+OR+mobile+transactions)_IEEEXplore.csv;IEEEXplore;1;7;10.1109/ICMECH.2009.4957216;
A new amplitude and phase compensation scheme under fast fading environment for OFDM packet transmission systems;R. Funada, H. Harada, Y. Kamio, S. Shinoda, M. Fujise;7-11 Oct. 2001;https://ieeexplore.ieee.org/document/957113/;https://ieeexplore.ieee.org/stamp/stamp.jsp?tp=&arnumber=957113;compensation+AND+(mobile+environments+OR+mobile+systems+OR+mobile+transactions)_IEEEXplore.csv;IEEEXplore;1;4;10.1109/VTC.2001.957113;
A new integrated navigation system for the indoor unmanned aerial vehicles (UAVs) based on the neural network predictive compensation;Xiangzhong Guan, Chenxiao Cai;18-20 May 2018;https://ieeexplore.ieee.org/document/8406440/;https://ieeexplore.ieee.org/stamp/stamp.jsp?tp=&arnumber=8406440;compensation+AND+(mobile+environments+OR+mobile+systems+OR+mobile+transactions)_IEEEXplore.csv;IEEEXplore;1;0;10.1109/YAC.2018.8406440;
A nonlinear complementary filter for attitude estimation with dynamics compensation of MARG sensor;Ken Masuya, Tomomichi Sugihara;12-15 July 2016;https://ieeexplore.ieee.org/document/7576896/;https://ieeexplore.ieee.org/stamp/stamp.jsp?tp=&arnumber=7576896;compensation+AND+(mobile+environments+OR+mobile+systems+OR+mobile+transactions)_IEEEXplore.csv;IEEEXplore;1;1;10.1109/AIM.2016.7576896;
A pilot symbol assisted compensation scheme of fading and frequency offset for 16QAM;E. Okamoto, Huan-Bang Li, T. Ikegami;5-9 Oct. 1998;https://ieeexplore.ieee.org/document/733644/;https://ieeexplore.ieee.org/stamp/stamp.jsp?tp=&arnumber=733644;compensation+AND+(mobile+environments+OR+mobile+systems+OR+mobile+transactions)_IEEEXplore.csv;IEEEXplore;1;13;10.1109/ICUPC.1998.733644;
A power reduction method for pilot channel of LEO satellite based on dynamic compensation;Yong Zhang, Yongning Zhuo, Jian Wang, Siyuan Jiang;Mar 17;https://ieeexplore.ieee.org/document/7897322/;https://ieeexplore.ieee.org/stamp/stamp.jsp?tp=&arnumber=7897322;compensation+AND+(mobile+environments+OR+mobile+systems+OR+mobile+transactions)_IEEEXplore.csv;IEEEXplore;1;0;10.1109/CC.2017.7897322;
A real time global motion compensation for multi-exposure imaging algorithms;Tomislav Kartalov, Zoran Ivanovski, Ljupcho Panovski;27-29 April 2011;https://ieeexplore.ieee.org/document/5929299/;https://ieeexplore.ieee.org/stamp/stamp.jsp?tp=&arnumber=5929299;compensation+AND+(mobile+environments+OR+mobile+systems+OR+mobile+transactions)_IEEEXplore.csv;IEEEXplore;1;3;10.1109/EUROCON.2011.5929299;
A resource allocation algorithm using compensation timeslot for self-healing in heterogeneous networks;Yu Ma, Xiaodong Ji, Jiamo Jiang, Wenqian Xue;8-9 Sept. 2013;https://ieeexplore.ieee.org/document/6707849/;https://ieeexplore.ieee.org/stamp/stamp.jsp?tp=&arnumber=6707849;compensation+AND+(mobile+environments+OR+mobile+systems+OR+mobile+transactions)_IEEEXplore.csv;IEEEXplore;1;0;10.1109/PIMRCW.2013.6707849;
A robust downward-looking camera based velocity estimation with height compensation for mobile robots;Xiaojing Song, Kaspar Althoefer, Lakmal Seneviratne;7-10 Dec. 2010;https://ieeexplore.ieee.org/document/5707269/;https://ieeexplore.ieee.org/stamp/stamp.jsp?tp=&arnumber=5707269;compensation+AND+(mobile+environments+OR+mobile+systems+OR+mobile+transactions)_IEEEXplore.csv;IEEEXplore;1;2;10.1109/ICARCV.2010.5707269;
A Secure Transaction Scheme With Certificateless Cryptographic Primitives for IoT-Based Mobile Payments;Kuo-Hui Yeh;Jun 18;https://ieeexplore.ieee.org/document/7875435/;https://ieeexplore.ieee.org/stamp/stamp.jsp?tp=&arnumber=7875435;Mobile+transactions+AND+IoT_IEEEXplore.csv;IEEEXplore;2;3;10.1109/JSYST.2017.2668389;y
3-D Road Boundary Extraction From Mobile Laser Scanning Data via Supervoxels and Graph Cuts;Dawei Zai, Jonathan Li, Yulan Guo, Ming Cheng, Yangbin Lin, Huan Luo, Cheng Wang;Mar 18;https://ieeexplore.ieee.org/document/7938403/;https://ieeexplore.ieee.org/stamp/stamp.jsp?tp=&arnumber=7938403;mobile+AND+cloud+computing+AND+transactions_IEEEXplore.csv;IEEEXplore;1;3;10.1109/TITS.2017.2701403;
A Benders Decomposition Approach for Resilient Placement of Virtual Process Control Functions in Mobile Edge Clouds;Peiyue Zhao, György Dán;2018;https://ieeexplore.ieee.org/document/8477177/;https://ieeexplore.ieee.org/stamp/stamp.jsp?tp=&arnumber=8477177;mobile+AND+cloud+computing+AND+transactions_IEEEXplore.csv;IEEEXplore;1;0;10.1109/TNSM.2018.2873178;
A Business Model for Multimedia Streaming in Mobile Clouds;Giovanni Schembra, Giuseppe Incarbone;Sep 14;https://ieeexplore.ieee.org/document/6873253/;https://ieeexplore.ieee.org/stamp/stamp.jsp?tp=&arnumber=6873253;mobile+AND+cloud+computing+AND+transactions_IEEEXplore.csv;IEEEXplore;1;6;10.1109/TNSM.2014.2346084;
A Context-Aware Architecture Supporting Service Availability in Mobile Cloud Computing;Gabriel Guerrero-Contreras, José Luis Garrido, Sara Balderas-Díaz, Carlos Rodríguez-Domínguez;1 Nov.-Dec. 2017;https://ieeexplore.ieee.org/document/7430330/;https://ieeexplore.ieee.org/stamp/stamp.jsp?tp=&arnumber=7430330;mobile+AND+cloud+computing+AND+transactions_IEEEXplore.csv;IEEEXplore;1;6;10.1109/TSC.2016.2540629;
A Cost-Effective Distributed Framework for Data Collection in Cloud-Based Mobile Crowd Sensing Architectures;Andrea Capponi, Claudio Fiandrino, Dzmitry Kliazovich, Pascal Bouvry, Stefano Giordano;1 Jan.-March 2017;https://ieeexplore.ieee.org/document/7847440/;https://ieeexplore.ieee.org/stamp/stamp.jsp?tp=&arnumber=7847440;mobile+AND+cloud+computing+AND+transactions_IEEEXplore.csv;IEEEXplore;1;13;10.1109/TSUSC.2017.2666043;
A Distributed Computation Offloading Strategy in Small-Cell Networks Integrated With Mobile Edge Computing;Lichao Yang, Heli Zhang, Xi Li, Hong Ji, Victor C. M. Leung;2018;https://ieeexplore.ieee.org/document/8519737/;https://ieeexplore.ieee.org/stamp/stamp.jsp?tp=&arnumber=8519737;mobile+AND+cloud+computing+AND+transactions_IEEEXplore.csv;IEEEXplore;1;0;10.1109/TNET.2018.2876941;
A Distributed Truthful Auction Mechanism for Task Allocation in Mobile Cloud Computing;Xiumin Wang, Yang Sui, Jianping Wang, Chau Yuen, Weiwei Wu;2018;https://ieeexplore.ieee.org/document/8322271/;https://ieeexplore.ieee.org/stamp/stamp.jsp?tp=&arnumber=8322271;mobile+AND+cloud+computing+AND+transactions_IEEEXplore.csv;IEEEXplore;1;1;10.1109/TSC.2018.2818147;
A Dynamic Offloading Algorithm for Mobile Computing;Dong Huang, Ping Wang, Dusit Niyato;Jun 12;https://ieeexplore.ieee.org/document/6189008/;https://ieeexplore.ieee.org/stamp/stamp.jsp?tp=&arnumber=6189008;mobile+AND+cloud+computing+AND+transactions_IEEEXplore.csv;IEEEXplore;2;246;10.1109/TWC.2012.041912.110912;
A Game Theoretic Approach to Computation Offloading Strategy Optimization for Non-cooperative Users in Mobile Edge Computing;Keqin Li;2018;https://ieeexplore.ieee.org/document/8454762/;https://ieeexplore.ieee.org/stamp/stamp.jsp?tp=&arnumber=8454762;mobile+AND+cloud+computing+AND+transactions_IEEEXplore.csv;IEEEXplore;1;0;10.1109/TSUSC.2018.2868655;
A Holistic Optimization Framework for Mobile Cloud Task Scheduling;Huazhong Liu, Jie Pu, Laurence T. Yang, Man Lin, Dexiang Yin, Yimu Guo, Xingyu Chen;2018;https://ieeexplore.ieee.org/document/8078197/;https://ieeexplore.ieee.org/stamp/stamp.jsp?tp=&arnumber=8078197;mobile+AND+cloud+computing+AND+transactions_IEEEXplore.csv;IEEEXplore;1;2;10.1109/TSUSC.2017.2765520;
A Hybrid Mobile Visual Search System With Compact Global Signatures;David M. Chen, Bernd Girod;Jul 15;https://ieeexplore.ieee.org/document/7097721/;https://ieeexplore.ieee.org/stamp/stamp.jsp?tp=&arnumber=7097721;mobile+AND+cloud+computing+AND+transactions_IEEEXplore.csv;IEEEXplore;1;11;10.1109/TMM.2015.2427744;
A Lightweight Secure Data Sharing Scheme for Mobile Cloud Computing;RUIXUAN LI, Chenglin Shen, Heng He, Xiwu Gu, Zhiyong Xu, Cheng-Zhong Xu;1 April-June 2018;https://ieeexplore.ieee.org/document/7809047/;https://ieeexplore.ieee.org/stamp/stamp.jsp?tp=&arnumber=7809047;mobile+AND+cloud+computing+AND+transactions_IEEEXplore.csv;IEEEXplore;1;2;10.1109/TCC.2017.2649685;
A Model-Assisted Cross-Layer Design of an Energy-Efficient Mobile Video Cloud;Alfio Lombardo, Carla Panarello, Giovanni Schembra;Dec 14;https://ieeexplore.ieee.org/document/6881743/;https://ieeexplore.ieee.org/stamp/stamp.jsp?tp=&arnumber=6881743;mobile+AND+cloud+computing+AND+transactions_IEEEXplore.csv;IEEEXplore;1;7;10.1109/TMM.2014.2350257;
A Modified Hierarchical Attribute-based Encryption Access Control Method for Mobile Cloud Computing;Yuanpeng Xie, Hong Wen, Bin Wu, Yixin Jiang, Jiaxiao Meng;2018;https://ieeexplore.ieee.org/document/7368903/;https://ieeexplore.ieee.org/stamp/stamp.jsp?tp=&arnumber=7368903;mobile+AND+cloud+computing+AND+transactions_IEEEXplore.csv;IEEEXplore;1;0;10.1109/TCC.2015.2513388;
A Multi-Objective Approach to Real-Time In-Situ Processing of Mobile-Application Workflows;Hariharasudhan Viswanathan, Eun Kyung Lee, Dario Pompili;01. Nov 16;https://ieeexplore.ieee.org/document/7422143/;https://ieeexplore.ieee.org/stamp/stamp.jsp?tp=&arnumber=7422143;mobile+AND+cloud+computing+AND+transactions_IEEEXplore.csv;IEEEXplore;1;1;10.1109/TPDS.2016.2532864;
A Network and Device Aware QoS Approach for Cloud-Based Mobile Streaming;Chin-Feng Lai, Honggang Wang, Han-Chieh Chao, Guofang Nan;Jun 13;https://ieeexplore.ieee.org/document/6412801/;https://ieeexplore.ieee.org/stamp/stamp.jsp?tp=&arnumber=6412801;mobile+AND+cloud+computing+AND+transactions_IEEEXplore.csv;IEEEXplore;1;38;10.1109/TMM.2013.2240270;
A New Scheme for Mobile Based CAPTCHA Service on Cloud;Ashutosh Saxena, Nitin Singh Chauhan, Sravan Kumar Reddy, Aparajith Srinivasan Vangal, David Palacios Rodrguez;11-12 Oct. 2012;https://ieeexplore.ieee.org/document/6354589/;https://ieeexplore.ieee.org/stamp/stamp.jsp?tp=&arnumber=6354589;mobile+AND+cloud+computing+AND+transactions_IEEEXplore.csv;IEEEXplore;1;2;10.1109/CCEM.2012.6354589;
A Position Aware Mobile Application for E-Health Services;Ismail Hababeh, Sahel Alouneh, Ala F. Khalifeh;25-27 Jan. 2016;https://ieeexplore.ieee.org/document/7877204/;https://ieeexplore.ieee.org/stamp/stamp.jsp?tp=&arnumber=7877204;mobile+AND+cloud+computing+AND+transactions_IEEEXplore.csv;IEEEXplore;1;0;10.1109/ISMS.2016.69;
A Provident Resource Defragmentation Framework for Mobile Cloud Computing;Weigang Hou, Rui Zhang, Wen Qi, Kejie Lu, Jianping Wang, Lei Guo;Jan.-March 2018;https://ieeexplore.ieee.org/document/7265056/;https://ieeexplore.ieee.org/stamp/stamp.jsp?tp=&arnumber=7265056;mobile+AND+cloud+computing+AND+transactions_IEEEXplore.csv;IEEEXplore;1;4;10.1109/TETC.2015.2477778;
A QoS Aware Resource Allocation Strategy for Mobile Graphics Rendering With Cloud Support;Chin-Feng Lai, Ren-Hung Hwang, Han-Chieh Chao;Jan 17;https://ieeexplore.ieee.org/document/7508927/;https://ieeexplore.ieee.org/stamp/stamp.jsp?tp=&arnumber=7508927;mobile+AND+cloud+computing+AND+transactions_IEEEXplore.csv;IEEEXplore;1;1;10.1109/TCSVT.2016.2589740;
A Quality-of-Content-Based Joint Source and Channel Coding for Human Detections in a Mobile Surveillance Cloud;Xiang Chen, Jenq-Neng Hwang, De Meng, Kuan-Hui Lee, Ricardo L. de Queiroz, Fu-Ming Yeh;Jan 17;https://ieeexplore.ieee.org/document/7428864/;https://ieeexplore.ieee.org/stamp/stamp.jsp?tp=&arnumber=7428864;mobile+AND+cloud+computing+AND+transactions_IEEEXplore.csv;IEEEXplore;1;6;10.1109/TCSVT.2016.2539758;
A Routing-Protocol-Independent Caching Framework for Mobile Clouds;Ying Feng, Radu Stoleru, Chien-An Chen, Geoffrey G. Xie;1 July-Sept. 2017;https://ieeexplore.ieee.org/document/7530824/;https://ieeexplore.ieee.org/stamp/stamp.jsp?tp=&arnumber=7530824;mobile+AND+cloud+computing+AND+transactions_IEEEXplore.csv;IEEEXplore;1;0;10.1109/TETC.2016.2588734;
A Scalable Server Architecture for Mobile Presence Services in Social Network Applications;Chi-Jen Wu, Jan-Ming Ho, Ming-Syan Chen;Feb 13;https://ieeexplore.ieee.org/document/6104055/;https://ieeexplore.ieee.org/stamp/stamp.jsp?tp=&arnumber=6104055;mobile+AND+cloud+computing+AND+transactions_IEEEXplore.csv;IEEEXplore;1;9;10.1109/TMC.2011.263;
A Secure Content Caching Scheme for Disaster Backup in Fog Computing Enabled Mobile Social Networks;Zhou Su, Qichao Xu, Jun Luo, Huayan Pu, Yan Peng, Rongxing Lu;Oct 18;https://ieeexplore.ieee.org/document/8395067/;https://ieeexplore.ieee.org/stamp/stamp.jsp?tp=&arnumber=8395067;mobile+AND+cloud+computing+AND+transactions_IEEEXplore.csv;IEEEXplore;1;6;10.1109/TII.2018.2849984;
A Stochastic Control Approach to Maximize Profit on Service Provisioning for Mobile Cloudlet Platforms;Weiwei Fang, Xuening Yao, Xiaojie Zhao, Jianwei Yin, Naixue Xiong;Apr 18;https://ieeexplore.ieee.org/document/7586102/;https://ieeexplore.ieee.org/stamp/stamp.jsp?tp=&arnumber=7586102;mobile+AND+cloud+computing+AND+transactions_IEEEXplore.csv;IEEEXplore;1;3;10.1109/TSMC.2016.2606400;
A Task-Centric Mobile Cloud-Based System to Enable Energy-Aware Efficient Offloading;Azzedine Boukerche, Shichao Guan, Robson Eduardo De Grande;1 Oct.-Dec. 2018;https://ieeexplore.ieee.org/document/8359090/;https://ieeexplore.ieee.org/stamp/stamp.jsp?tp=&arnumber=8359090;mobile+AND+cloud+computing+AND+transactions_IEEEXplore.csv;IEEEXplore;1;0;10.1109/TSUSC.2018.2836314;
A distance-based compression of 3D meshes for mobile devices;Daeyoung Kim, Sungyeol Lee, Haeyoung Lee, Sungdae Cho;Aug 08;https://ieeexplore.ieee.org/document/4637633/;https://ieeexplore.ieee.org/stamp/stamp.jsp?tp=&arnumber=4637633;mobile+AND+cloud+computing+AND+transactions_IEEEXplore.csv;IEEEXplore;2;10;10.1109/TCE.2008.4637633;
A key-revocable attribute-based encryption for mobile cloud environments;Tsukasa Ishiguro, Shinsaku Kiyomoto, Yutaka Miyake;29-31 July 2013;https://ieeexplore.ieee.org/document/7223155/;https://ieeexplore.ieee.org/stamp/stamp.jsp?tp=&arnumber=7223155;mobile+AND+cloud+computing+AND+transactions_IEEEXplore.csv;IEEEXplore;1;0;No DOI available;
A survey of authentication methods in mobile cloud computing;G. Reshmi, C. S. Rakshmy;14-16 Dec. 2015;https://ieeexplore.ieee.org/document/7412056/;https://ieeexplore.ieee.org/stamp/stamp.jsp?tp=&arnumber=7412056;mobile+AND+cloud+computing+AND+transactions_IEEEXplore.csv;IEEEXplore;1;2;10.1109/ICITST.2015.7412056;
AMES-Cloud: A Framework of Adaptive Mobile Video Streaming and Efficient Social Video Sharing in the Clouds;Xiaofei Wang, Min Chen, Ted Taekyoung Kwon, LaurenceT. Yang, Victor C. M. Leung;Jun 13;https://ieeexplore.ieee.org/document/6410040/;https://ieeexplore.ieee.org/stamp/stamp.jsp?tp=&arnumber=6410040;mobile+AND+cloud+computing+AND+transactions_IEEEXplore.csv;IEEEXplore;1;65;10.1109/TMM.2013.2239630;
Adaptive Mobile Cloud Computing to Enable Rich Mobile Multimedia Applications;Shaoxuan Wang, Sujit Dey;Jun 13;https://ieeexplore.ieee.org/document/6413270/;https://ieeexplore.ieee.org/stamp/stamp.jsp?tp=&arnumber=6413270;mobile+AND+cloud+computing+AND+transactions_IEEEXplore.csv;IEEEXplore;2;177;10.1109/TMM.2013.2240674;
Adaptive Multi-Resource Allocation for Cloudlet-Based Mobile Cloud Computing System;Yanchen Liu, Myung J. Lee, Yanyan Zheng;01. Oct 16;https://ieeexplore.ieee.org/document/7339472/;https://ieeexplore.ieee.org/stamp/stamp.jsp?tp=&arnumber=7339472;mobile+AND+cloud+computing+AND+transactions_IEEEXplore.csv;IEEEXplore;1;28;10.1109/TMC.2015.2504091;
An Anonymous End-to-End Communication Protocol for Mobile Cloud Environments;Claudio A. Ardagna, Mauro Conti, Mario Leone, Julinda Stefa;July-Sept. 2014;https://ieeexplore.ieee.org/document/6732964/;https://ieeexplore.ieee.org/stamp/stamp.jsp?tp=&arnumber=6732964;mobile+AND+cloud+computing+AND+transactions_IEEEXplore.csv;IEEEXplore;1;20;10.1109/TSC.2014.2304717;abstract read - n
An Efficient Delta Synchronization Algorithm for Mobile Cloud Storage Applications;Giwon Lee, Haneul Ko, Sangheon Pack;1 May-June 2017;https://ieeexplore.ieee.org/document/7321044/;https://ieeexplore.ieee.org/stamp/stamp.jsp?tp=&arnumber=7321044;mobile+AND+cloud+computing+AND+transactions_IEEEXplore.csv;IEEEXplore;1;4;10.1109/TSC.2015.2498168;y
Cost Analysis of Movement-Based Location Management in PCS Networks: An Embedded Markov Chain Approach;Xian Wang, Xianfu Lei, Pingzhi Fan, Rose Qingyang Hu, Shi-Jinn Horng;May 14;https://ieeexplore.ieee.org/document/6626563/;https://ieeexplore.ieee.org/stamp/stamp.jsp?tp=&arnumber=6626563;Movement+management+AND+transactions_IEEEXplore.csv;IEEEXplore;2;30;10.1109/TVT.2013.2285118;
Modeling and Cost Analysis of Movement-Based Location Management for PCS Networks With HLR/VLR Architecture, General Location Area and Cell Residence Time Distributions;Xian Wang, Pingzhi Fan, Jie Li, Yi Pan;Nov 08;https://ieeexplore.ieee.org/xpls/icp.jsp?arnumber=4459281;https://ieeexplore.ieee.org/stamp/stamp.jsp?tp=&arnumber=4459281;Movement+management+AND+transactions_IEEEXplore.csv;IEEEXplore;2;32;10.1109/TVT.2008.919613;
Movement-Based Location Management for General Cell Residence Times in Wireless Networks;RamÓn M. Rodriguez-Dagnino, Hideaki Takagi;Sep 07;https://ieeexplore.ieee.org/document/4305533/;https://ieeexplore.ieee.org/stamp/stamp.jsp?tp=&arnumber=4305533;Movement+management+AND+transactions_IEEEXplore.csv;IEEEXplore;2;31;10.1109/TVT.2007.900377;abstract read - n
Movement-based mobility management and trade off analysis for wireless mobile networks;Yuguang Fang;Jun 03;https://ieeexplore.ieee.org/document/1204834/;https://ieeexplore.ieee.org/stamp/stamp.jsp?tp=&arnumber=1204834;Movement+management+AND+transactions_IEEEXplore.csv;IEEEXplore;2;128;10.1109/TC.2003.1204834;y
Optimization of Sequential Paging in Movement-Based Location Management Based on Movement Statistics;Yi-hua Zhu, Victor C. M. Leung;Mar 07;https://ieeexplore.ieee.org/document/4138062/;https://ieeexplore.ieee.org/stamp/stamp.jsp?tp=&arnumber=4138062;Movement+management+AND+transactions_IEEEXplore.csv;IEEEXplore;2;38;10.1109/TVT.2007.891403;
Predictive Energy Management Strategy for Fully Electric Vehicles Based on Preceding Vehicle Movement;Shuwei Zhang, Yugong Luo, Junmin Wang, Xiao Wang, Keqiang Li;Nov 17;https://ieeexplore.ieee.org/document/7879292/;https://ieeexplore.ieee.org/stamp/stamp.jsp?tp=&arnumber=7879292;Movement+management+AND+transactions_IEEEXplore.csv;IEEEXplore;1;3;10.1109/TITS.2017.2672542;
A prototype remote access and mobile data transaction system for police cruisers;A.L. Kun, K. Dogan;6-9 May 2002;https://ieeexplore.ieee.org/document/1002761/;https://ieeexplore.ieee.org/stamp/stamp.jsp?tp=&arnumber=1002761;Mobile+transactions+AND+Embedded_IEEEXplore.csv;IEEEXplore;1;3;10.1109/VTC.2002.1002761;y
Adaptive data broadcast strategy for transactions with multiple data requests in mobile computing environments;J.C.-H. Yuen, E. Chan, Kam-Yiu Lam;13-15 Dec. 1999;https://ieeexplore.ieee.org/document/811191/;https://ieeexplore.ieee.org/stamp/stamp.jsp?tp=&arnumber=811191;Mobile+transactions+AND+Embedded_IEEEXplore.csv;IEEEXplore;1;1;10.1109/RTCSA.1999.811191;y
Classification of transaction models in mobile database system;Amer O. Abu Salem, Ahmad H. Al-Qeerm;21-23 March 2015;https://ieeexplore.ieee.org/document/7209086/;https://ieeexplore.ieee.org/stamp/stamp.jsp?tp=&arnumber=7209086;Mobile+transactions+AND+Embedded_IEEEXplore.csv;IEEEXplore;1;0;10.1109/WSWAN.2015.7209086;y
Critical segment based real-time E-signature for securing mobile transactions;Yanzhi Ren, Chen Wang, Yingying Chen, Mooi Choo Chuah, Jie Yang;28-30 Sept. 2015;https://ieeexplore.ieee.org/document/7346804/;https://ieeexplore.ieee.org/stamp/stamp.jsp?tp=&arnumber=7346804;Mobile+transactions+AND+Embedded_IEEEXplore.csv;IEEEXplore;1;1;10.1109/CNS.2015.7346804;y
Programmable electronic payment card transaction limit implemented using mobile electronic technologies;Mirko Sajić, Dušanka Bundalo, Zlatko Bundalo, Luka Sajić, Goran Kuzmić;10-14 June 2018;https://ieeexplore.ieee.org/document/8406035/;https://ieeexplore.ieee.org/stamp/stamp.jsp?tp=&arnumber=8406035;Mobile+transactions+AND+Embedded_IEEEXplore.csv;IEEEXplore;1;0;10.1109/MECO.2018.8406035;y
A link and network layer approach to support mobile commerce transactions;P. Ahluwalia, U. Varshney;6-9 Oct. 2003;https://ieeexplore.ieee.org/document/1286336/;https://ieeexplore.ieee.org/stamp/stamp.jsp?tp=&arnumber=1286336;Mobile+transactions+AND+(atomicity+OR+consistency+OR+isolation+OR+durability)_IEEEXplore.csv;IEEEXplore;1;0;10.1109/VETECF.2003.1286336;y
Avoiding Infinite Blocking of Mobile Transactions;Sebastian Obermeier, Stefan Bottcher;6-8 Sept. 2007;https://ieeexplore.ieee.org/document/4318090/;https://ieeexplore.ieee.org/stamp/stamp.jsp?tp=&arnumber=4318090;Mobile+transactions+AND+(atomicity+OR+consistency+OR+isolation+OR+durability)_IEEEXplore.csv;IEEEXplore;1;0;10.1109/IDEAS.2007.4318090;y
Slack time scheduling for managing database transactions in mobile ad-hoc networks;B. Diwan, M. R Sumalatha;25-27 July 2013;https://ieeexplore.ieee.org/document/6844239/;https://ieeexplore.ieee.org/stamp/stamp.jsp?tp=&arnumber=6844239;Mobile+transactions+AND+(atomicity+OR+consistency+OR+isolation+OR+durability)_IEEEXplore.csv;IEEEXplore;16;30;10.1109/ICRTIT.2013.6844239;y