title;author;date;link;pdf_link;query;search_engine;nr_found;cite_count;doi;Investigate further?;abstract viewed
Performance Analysis of Improved Cache Invalidation Scheme in Mobile Computing Environment;MJP JC, K Thanushkodi - IJCSNS, 2009 - pdfs.semanticscholar.org;2009;https://pdfs.semanticscholar.org/6db4/1e7617e3e065d2acccd01d9a5094be366729.pdf;https://pdfs.semanticscholar.org/6db4/1e7617e3e065d2acccd01d9a5094be366729.pdf;Disconnection+handling+AND+mobile+transactions_GoogleScholar.csv;GoogleScholar;1;6;No DOI available;y;y
Concurrency control in mobile environments: Issues & challenges;SA Moiz, SN Pal, J Kumar… - International …, 2011 - pdfs.semanticscholar.org;2011;https://pdfs.semanticscholar.org/b1f2/79f8d4f33f0b7fefcdb76b55282e3625c94f.pdf;https://pdfs.semanticscholar.org/b1f2/79f8d4f33f0b7fefcdb76b55282e3625c94f.pdf;Disconnection+handling+AND+mobile+transactions_GoogleScholar.csv;GoogleScholar;1;9;No DOI available;y;y
An improved kangaroo transaction model using surrogate objects for distributed mobile system;S Ravimaran, MA Mohamed - … Data Engineering for Wireless and Mobile …, 2011 - dl.acm.org;2011;https://dl.acm.org/citation.cfm?id=1999319;No PDF available;Disconnection+handling+AND+mobile+transactions_GoogleScholar.csv;GoogleScholar;1;10;No DOI available;y;y
Efficient cache invalidation schemes for mobile data accesses;PJ Chuang, YS Chiu - Information Sciences, 2011 - Elsevier;2011;https://www.sciencedirect.com/science/article/pii/S0020025511003367;No PDF available;Disconnection+handling+AND+mobile+transactions_GoogleScholar.csv;GoogleScholar;1;10;No DOI available;y;y
Handling selfishness in replica allocation over a mobile ad hoc network;JH Choi, KS Shim, SK Lee… - … Transactions on mobile …, 2012 - ieeexplore.ieee.org;2012;https://ieeexplore.ieee.org/abstract/document/5740900/;No PDF available;Disconnection+handling+AND+mobile+transactions_GoogleScholar.csv;GoogleScholar;1;78;No DOI available;y;
Mobility-aware MAC protocol for delay-sensitive wireless sensor networks;SA Hameed, EM Shaaban, HM Faheem… - … & Workshops, 2009 …, 2009 - ieeexplore.ieee.org;2009;https://ieeexplore.ieee.org/abstract/document/5345591/;No PDF available;Disconnection+handling+AND+mobility_GoogleScholar.csv;GoogleScholar;1;25;No DOI available;y;
A token-based group mutual exclusion algorithm for cellular wireless networks;A Swaroop, AK Singh - India Conference (INDICON), 2009 …, 2009 - ieeexplore.ieee.org;2009;https://ieeexplore.ieee.org/abstract/document/5409387/;https://www.researchgate.net/profile/Abhishek_Swaroop/publication/224112680_A_Token-Based_Group_Mutual_Exclusion_Algorithm_for_Cellular_Wireless_Networks/links/0046351828d8770ccb000000.pdf;Disconnection+handling+AND+mobility_GoogleScholar.csv;GoogleScholar;1;5;No DOI available;y;
Prototyping applications to handle connection disruptions in end-to-end Host Mobility;BYL Kimura, RS Yokoyama, RRF Lopes… - Wireless On-demand …, 2010 - ieeexplore.ieee.org;2010;https://ieeexplore.ieee.org/abstract/document/5437141/;No PDF available;Disconnection+handling+AND+mobility_GoogleScholar.csv;GoogleScholar;1;10;No DOI available;y;
Dealing with frequent aborts in minimum-process coordinated checkpointing algorithm for mobile distributed systems;P Kumar, P Gupta, AK Solanki - International Journal of …, 2010 - pdfs.semanticscholar.org;2010;https://pdfs.semanticscholar.org/2a36/3bb0474dd4aefaa83e2d822ff72cfeca1e46.pdf;https://pdfs.semanticscholar.org/2a36/3bb0474dd4aefaa83e2d822ff72cfeca1e46.pdf;Disconnection+handling+AND+mobility_GoogleScholar.csv;GoogleScholar;1;6;No DOI available;y;y
Publish/subscribe architecture with transparent mobility support;G Baptista, M Endler… - Workshop de Pesquisa …, 2010 - www-di.inf.puc-rio.br;2010;http://www-di.inf.puc-rio.br/~endler/paperlinks/WPEIF-2010-gustavo.pdf;http://www-di.inf.puc-rio.br/~endler/paperlinks/WPEIF-2010-gustavo.pdf;Disconnection+handling+AND+mobility_GoogleScholar.csv;GoogleScholar;1;1;No DOI available;y;
An Efficient Synchronous Checkpointing Protocol for Mobile Distributed Systems;P Kumar, R Garg - Global Journal of Computer Science and …, 2010 - computerresearch.org;2010;http://computerresearch.org/index.php/computer/article/view/959;https://computerresearch.org/index.php/computer/article/download/959/957;Disconnection+handling+AND+mobility_GoogleScholar.csv;GoogleScholar;1;1;No DOI available;y;y
Anti-message Logging based Check pointing Algorithm for Mobile Distributed Systems;M Nagpal, P Kumar - International Journal of Computer Applications, 2013 - Citeseer;2013;http://citeseerx.ist.psu.edu/viewdoc/download?doi=10.1.1.403.7144&rep=rep1&type=pdf;http://citeseerx.ist.psu.edu/viewdoc/download?doi=10.1.1.403.7144&rep=rep1&type=pdf;Disconnection+handling+AND+mobility_GoogleScholar.csv;GoogleScholar;1;2;No DOI available;y;
Enhanced communication service for predicting and handling communication interruption;SM Bellovin - US Patent 8,798,614, 2014 - Google Patents;2014;https://patents.google.com/patent/US8798614B2/en;No PDF available;Disconnection+handling+AND+mobility_GoogleScholar.csv;GoogleScholar;2;27;No DOI available;y;
Handling mobility in IoT applications using the MQTT protocol;JE Luzuriaga, JC Cano, C Calafate… - Internet …, 2015 - ieeexplore.ieee.org;2015;https://ieeexplore.ieee.org/abstract/document/7317403/;No PDF available;Disconnection+handling+AND+mobility_GoogleScholar.csv;GoogleScholar;1;30;No DOI available;y;y
A Novel Adaptive Mobility-Aware MAC Protocol in Wireless Sensor Networks;Fei Peng;2015;https://link.springer.com/article/10.1007/s11277-014-2140-1;https://link.springer.com/content/pdf/10.1007%2Fs11277-014-2140-1.pdf;Disconnection+handling+AND+mobility_SpringerLink.csv;SpringerLink;3;144;https://doi.org/10.1007/s11277-014-2140-1;y;y
Service-oriented middleware for the Future Internet: state of the art and research directions;Valérie Issarny,    Nikolaos Georgantas…;2011;https://link.springer.com/article/10.1007/s13174-011-0021-3;https://link.springer.com/content/pdf/10.1007%2Fs13174-011-0021-3.pdf;Embedded+systems+AND+disconnection+AND+(management+OR+handling)_SpringerLink.csv;SpringerLink;4;64;https://doi.org/10.1007/s13174-011-0021-3;y;
A fast concurrency control algorithm in embedded real-time database system;Xiaoyu Qi;2010;https://ieeexplore.ieee.org/document/5486030/;https://ieeexplore.ieee.org/stamp/stamp.jsp?tp=&arnumber=5486030;Embedded+systems+AND+mobile+transactions_IEEEXplore.csv;IEEEXplore;10;92;10.1109/ICCET.2010.5486030;y;y
Design and application of mobile payment system with Embedded Systems and Service Oriented Architecture;Erbug Celebi, Hasan Amca;2009;https://ieeexplore.ieee.org/document/5136422/;https://ieeexplore.ieee.org/stamp/stamp.jsp?tp=&arnumber=5136422;Embedded+systems+AND+mobile+transactions_IEEEXplore.csv;IEEEXplore;1;0;10.1109/SIU.2009.5136422;y;
A survey on vehicular cloud computing;M Whaiduzzaman, M Sookhak, A Gani… - Journal of Network and …, 2014 - Elsevier;2014;https://www.sciencedirect.com/science/article/pii/S1084804513001793;http://citeseerx.ist.psu.edu/viewdoc/download?doi=10.1.1.398.6908&rep=rep1&type=pdf;mobile+AND+cloud+computing+AND+transactions_GoogleScholar.csv;GoogleScholar;1;439;No DOI available;y;y
SA-EAST: security-aware efficient data transmission for ITS in mobile heterogeneous cloud computing;K Gai, L Qiu, M Chen, H Zhao, M Qiu - ACM Transactions on Embedded …, 2017 - dl.acm.org;2017;https://dl.acm.org/citation.cfm?id=2979677;http://webpage.pace.edu/kg71231w/docs/tecs1.pdf;mobile+AND+cloud+computing+AND+transactions_GoogleScholar.csv;GoogleScholar;2;59;No DOI available;y;
An Efficient Delta Synchronization Algorithm for Mobile Cloud Storage Applications;Giwon Lee, Haneul Ko, Sangheon Pack;2015;https://ieeexplore.ieee.org/document/7321044/;https://ieeexplore.ieee.org/stamp/stamp.jsp?tp=&arnumber=7321044;mobile+AND+cloud+computing+AND+transactions_IEEEXplore.csv;IEEEXplore;1;4;10.1109/TSC.2015.2498168;y;
Mobile transaction network;C Sorensen, KD Kruszka - US Patent App. 12/260,946, 2009 - Google Patents;2009;https://patents.google.com/patent/US20090119209A1/en;No PDF available;mobile+transaction+AND+execution_GoogleScholar.csv;GoogleScholar;1;25;No DOI available;y;
An energy-efficient mobile transaction processing method using random back-off in wireless broadcast environments;S Park, S Jung - Journal of Systems and Software, 2009 - Elsevier;2009;https://www.sciencedirect.com/science/article/pii/S0164121209001563;No PDF available;mobile+transaction+AND+execution_GoogleScholar.csv;GoogleScholar;1;7;No DOI available;y;
Mobility Management Scheme for Context-Aware Transactions in Pervasive and Mobile Cyberspace;Muhammad Younas, Irfan Awan;2012;https://ieeexplore.ieee.org/document/6195011/;https://ieeexplore.ieee.org/stamp/stamp.jsp?tp=&arnumber=6195011;mobile+transaction+AND+execution_IEEEXplore.csv;IEEEXplore;4;16;10.1109/TIE.2012.2198032;y;
A Generic Architecture Supporting Context-Aware Data and Transaction Management for Mobile Applications;Steffen Vaupel, Damian Wlochowitz, Gabriele Taentzer;2016;https://ieeexplore.ieee.org/document/7832973/;https://ieeexplore.ieee.org/stamp/stamp.jsp?tp=&arnumber=7832973;mobile+transaction+AND+execution_IEEEXplore.csv;IEEEXplore;2;0;10.1109/MobileSoft.2016.035;y;
Defensive protocol to ensure safe Mobile Financial Transaction in current context;Md. Hasib Firoz, Zulfiquar Ahmed;2017;https://ieeexplore.ieee.org/document/7886157/;https://ieeexplore.ieee.org/stamp/stamp.jsp?tp=&arnumber=7886157;mobile+transaction+AND+execution_IEEEXplore.csv;IEEEXplore;2;0;10.1109/ACDT.2017.7886157;y;
A mobile transaction processing system to improve concurrency in mobile database;M. Mohana, C. Jayakumar;2013;https://ieeexplore.ieee.org/document/6724253/;https://ieeexplore.ieee.org/stamp/stamp.jsp?tp=&arnumber=6724253;mobile+transaction+AND+execution_IEEEXplore.csv;IEEEXplore;1;0;10.1109/ICCIC.2013.6724253;y;
Agent-Based Infrastructure for Data and Transaction Management in Mobile Heterogeneous Environment;Machigar Ongtang, Ali R. Hurson, Yu Jiao;2009;https://ieeexplore.ieee.org/document/4797269/;https://ieeexplore.ieee.org/stamp/stamp.jsp?tp=&arnumber=4797269;mobile+transaction+AND+execution_IEEEXplore.csv;IEEEXplore;1;1;10.1109/CMC.2009.321;y;
Simulation framework for travel trajectory generation and mobile transaction modeling;Eric Hsueh-Chan Lu, Josh Jia-Ching Ying, Huan-Sheng Chen, Kawuu W. Lin, Vincent S. Tseng, Huan-Wen Tsai, Kuang Hung Cheng, Shun-Chieh Lin;2012;https://ieeexplore.ieee.org/document/6449721/;https://ieeexplore.ieee.org/stamp/stamp.jsp?tp=&arnumber=6449721;Mobile+transaction+models_IEEEXplore.csv;IEEEXplore;1;0;10.1109/ISIC.2012.6449721;y;
Transaction-centric Mobile-Payment Classification Model;Abdulkareem Aljohani, Khalid Al-Begain;2013;https://ieeexplore.ieee.org/document/6658102/;https://ieeexplore.ieee.org/stamp/stamp.jsp?tp=&arnumber=6658102;Mobile+transaction+models_IEEEXplore.csv;IEEEXplore;1;3;10.1109/NGMAST.2013.21;y;
Connection Fault-Tolerant Model for distributed transaction processing in mobile computing environment;Tome Dimovski, Pece Mitrevski;2011;https://ieeexplore.ieee.org/document/5974011/;https://ieeexplore.ieee.org/stamp/stamp.jsp?tp=&arnumber=5974011;Mobile+transaction+models_IEEEXplore.csv;IEEEXplore;4;15;No DOI available;y;
Data Transaction Modeling in Mobile Networks: Contract Mechanism and Performance Analysis;Jun Du, Erol Gelenbe, Chunxiao Jiang, Haijun Zhang, Zhu Han, Yong Ren;2017;https://ieeexplore.ieee.org/document/8255078/;https://ieeexplore.ieee.org/stamp/stamp.jsp?tp=&arnumber=8255078;Mobile+transaction+models_IEEEXplore.csv;IEEEXplore;1;1;10.1109/GLOCOM.2017.8255078;y;
A cloud based dual-root trust model for secure mobile online transactions;Li Li, Dijiang Huang, Zhidong Shen, Samia Bouzefrane;2013;https://ieeexplore.ieee.org/document/6555287/;https://ieeexplore.ieee.org/stamp/stamp.jsp?tp=&arnumber=6555287;Mobile+transaction+models_IEEEXplore.csv;IEEEXplore;4;1;10.1109/WCNC.2013.6555287;y;
A lazy commit protocol for mobile transactions;Sharvanath Pathak, Gautam Barua;2014;https://ieeexplore.ieee.org/document/6779363/;https://ieeexplore.ieee.org/stamp/stamp.jsp?tp=&arnumber=6779363;Mobile+transaction+protocols_IEEEXplore.csv;IEEEXplore;1;1;10.1109/IAdCC.2014.6779363;y;
Design and analysis of a secure agent-based mobile bill payment protocol for bulk transactions;Pemika Limpittaya, Maykin Warasart, Supakorn Kungpisdan;2012;https://ieeexplore.ieee.org/document/6261928/;https://ieeexplore.ieee.org/stamp/stamp.jsp?tp=&arnumber=6261928;Mobile+transaction+protocols_IEEEXplore.csv;IEEEXplore;1;1;10.1109/JCSSE.2012.6261928;y;
Energy aware efficient geographic routing in lossy wireless sensor networks with environmental energy supply;Kai Zeng,    Kui Ren,    Wenjing Lou,    Patrick J. Moran;2009;https://link.springer.com/article/10.1007/s11276-007-0022-0;https://link.springer.com/content/pdf/10.1007%2Fs11276-007-0022-0.pdf;Mobile+transaction+protocols_SpringerLink.csv;SpringerLink;3;60;https://doi.org/10.1007/s11276-007-0022-0;y;
Consensus control for leader-following multi-agent systems with measurement noises;Cuiqin Ma,    Tao Li,    Jifeng Zhang;2010;https://link.springer.com/article/10.1007/s11424-010-9273-4;https://link.springer.com/content/pdf/10.1007%2Fs11424-010-9273-4.pdf;Mobile+transaction+protocols_SpringerLink.csv;SpringerLink;1;93;https://doi.org/10.1007/s11424-010-9273-4;y;
Slack time scheduling for managing database transactions in mobile ad-hoc networks;B. Diwan, M. R Sumalatha;2013;https://ieeexplore.ieee.org/document/6844239/;https://ieeexplore.ieee.org/stamp/stamp.jsp?tp=&arnumber=6844239;Mobile+transactions+AND+(atomicity+OR+consistency+OR+isolation+OR+durability)_IEEEXplore.csv;IEEEXplore;16;30;10.1109/ICRTIT.2013.6844239;y;
A Snapshot Algorithm for Mobile Ad Hoc Networks;Dan Wu,    Chi Hong Cheong,    Man Hon Wong;2009;https://link.springer.com/chapter/10.1007/978-3-642-02481-8_15;No PDF available;Mobile+transactions+AND+(atomicity+OR+consistency+OR+isolation+OR+durability)_SpringerLink.csv;SpringerLink;33;524;https://doi.org/10.1007/978-3-642-02481-8_15;y;
Blocking reduction for distributed transaction processing within MANETs;Sebastian Obermeier,    Stefan Böttcher,    Martin Hett…;2009;https://link.springer.com/article/10.1007/s10619-009-7033-z;https://link.springer.com/content/pdf/10.1007%2Fs10619-009-7033-z.pdf;Mobile+transactions+AND+(atomicity+OR+consistency+OR+isolation+OR+durability)_SpringerLink.csv;SpringerLink;16;1;https://doi.org/10.1007/s10619-009-7033-z;y;
A cross-layer atomic commit protocol implementation for transaction processing in mobile ad-hoc networks;Sebastian Obermeier,    Stefan Böttcher,    Dominik Kleine;2009;https://link.springer.com/article/10.1007/s10619-009-7051-x;https://link.springer.com/content/pdf/10.1007%2Fs10619-009-7051-x.pdf;Mobile+transactions+AND+(atomicity+OR+consistency+OR+isolation+OR+durability)_SpringerLink.csv;SpringerLink;11;3;https://doi.org/10.1007/s10619-009-7051-x;y;y
Design and Implementation of Pessimistic Commit Protocols in Mobile Environments;Salman Abdul Moiz,    Lakshmi Rajamani…;2010;https://link.springer.com/chapter/10.1007/978-3-642-14478-3_61;No PDF available;Mobile+transactions+AND+(atomicity+OR+consistency+OR+isolation+OR+durability)_SpringerLink.csv;SpringerLink;10;1;https://doi.org/10.1007/978-3-642-14478-3_61;y;y
A new model for context-aware transactions in mobile services;Muhammad Younas,    Soraya Kouadri Mostéfaoui;2011;https://link.springer.com/article/10.1007/s00779-011-0369-1;https://link.springer.com/content/pdf/10.1007%2Fs00779-011-0369-1.pdf;Mobile+transactions+AND+(atomicity+OR+consistency+OR+isolation+OR+durability)_SpringerLink.csv;SpringerLink;12;8;https://doi.org/10.1007/s00779-011-0369-1;y;y
An Energy-Efficient Concurrency Control Algorithm for Mobile Ad-Hoc Network Databases;Zhaowen Xing,    Le Gruenwald;2011;https://link.springer.com/chapter/10.1007/978-3-642-23088-2_37;No PDF available;Mobile+transactions+AND+(atomicity+OR+consistency+OR+isolation+OR+durability)_SpringerLink.csv;SpringerLink;11;2;https://doi.org/10.1007/978-3-642-23088-2_37;y;y
Context-adaptive and energy-efficient mobile transaction management in pervasive environments;Feilong Tang,    Minglu Li;2012;https://link.springer.com/article/10.1007/s11227-009-0277-6;https://link.springer.com/content/pdf/10.1007%2Fs11227-009-0277-6.pdf;Mobile+transactions+AND+(atomicity+OR+consistency+OR+isolation+OR+durability)_SpringerLink.csv;SpringerLink;15;No cite count available;https://doi.org/10.1007/s11227-009-0277-6;y;y
Transaction Processing;Karen Morton,    Kerry Osborne,    Robyn Sands,    Riyaj Shamsudeen,    Jared Still;2013;https://link.springer.com/chapter/10.1007/978-1-4302-6221-3_14;No PDF available;Mobile+transactions+AND+(atomicity+OR+consistency+OR+isolation+OR+durability)_SpringerLink.csv;SpringerLink;12;No cite count available;https://doi.org/10.1007/978-1-4302-6221-3_14;y;
Managing concurrent execution of transactions in mobile ad-hoc network database systems: an energy-efficient approach;Zhaowen Xing,    Le Gruenwald;2013;https://link.springer.com/article/10.1007/s10619-012-7114-2;https://link.springer.com/content/pdf/10.1007%2Fs10619-012-7114-2.pdf;Mobile+transactions+AND+(atomicity+OR+consistency+OR+isolation+OR+durability)_SpringerLink.csv;SpringerLink;11;3;https://doi.org/10.1007/s10619-012-7114-2;y;y
A Survey on Data Dissemination in Wireless Sensor Networks;Xiao-Long Zheng,    Meng Wan;2014;https://link.springer.com/article/10.1007/s11390-014-1443-8;https://link.springer.com/content/pdf/10.1007%2Fs11390-014-1443-8.pdf;Mobile+transactions+AND+(atomicity+OR+consistency+OR+isolation+OR+durability)_SpringerLink.csv;SpringerLink;25;194;https://doi.org/10.1007/s11390-014-1443-8;y;
Fog Computing: A Platform for Internet of Things and Analytics;Flavio Bonomi,    Rodolfo Milito…;2014;https://link.springer.com/chapter/10.1007/978-3-319-05029-4_7;No PDF available;Mobile+transactions+AND+(atomicity+OR+consistency+OR+isolation+OR+durability)_SpringerLink.csv;SpringerLink;7;180;https://doi.org/10.1007/978-3-319-05029-4_7;y;
Distributed transactional memory for general networks;Gokarna Sharma,    Costas Busch;2014;https://link.springer.com/article/10.1007/s00446-014-0214-7;https://link.springer.com/content/pdf/10.1007%2Fs00446-014-0214-7.pdf;Mobile+transactions+AND+(atomicity+OR+consistency+OR+isolation+OR+durability)_SpringerLink.csv;SpringerLink;26;34;https://doi.org/10.1007/s00446-014-0214-7;y;
A Causal Checkpointing Algorithm for Mobile Computing Environments;Astrid Kiehn,    Pranav Raj,    Pushpendra Singh;2014;https://link.springer.com/chapter/10.1007/978-3-642-45249-9_9;No PDF available;Mobile+transactions+AND+(atomicity+OR+consistency+OR+isolation+OR+durability)_SpringerLink.csv;SpringerLink;16;6;https://doi.org/10.1007/978-3-642-45249-9_9;y;
The internet of things: a survey;Shancang Li,    Li Da Xu,    Shanshan Zhao;2015;https://link.springer.com/article/10.1007/s10796-014-9492-7;https://link.springer.com/content/pdf/10.1007%2Fs10796-014-9492-7.pdf;Mobile+transactions+AND+(atomicity+OR+consistency+OR+isolation+OR+durability)_SpringerLink.csv;SpringerLink;7;312;https://doi.org/10.1007/s10796-014-9492-7;y;
MiCATS: Middleware for Context-Aware Transactional Services;Widad Ettazi,    Hatim Hafiddi,    Mahmoud Nassar…;2015;https://link.springer.com/chapter/10.1007/978-3-319-29133-8_24;https://link.springer.com/content/pdf/10.1007%2F978-3-319-29133-8_24.pdf;Mobile+transactions+AND+(atomicity+OR+consistency+OR+isolation+OR+durability)_SpringerLink.csv;SpringerLink;19;4;https://doi.org/10.1007/978-3-319-29133-8_24;y;
Security Challenges of the Internet of Things;Musa G. Samaila,    Miguel Neto,    Diogo A. B. Fernandes…;2017;https://link.springer.com/chapter/10.1007/978-3-319-50758-3_3;https://link.springer.com/content/pdf/10.1007%2F978-3-319-50758-3_3.pdf;Mobile+transactions+AND+(atomicity+OR+consistency+OR+isolation+OR+durability)_SpringerLink.csv;SpringerLink;19;138;https://doi.org/10.1007/978-3-319-50758-3_3;y;
Caching and Data Replication in Mobile Environment;R. K. Ghosh;2017;https://link.springer.com/chapter/10.1007/978-981-10-3941-6_14;https://link.springer.com/content/pdf/10.1007%2F978-981-10-3941-6_14.pdf;Mobile+transactions+AND+(atomicity+OR+consistency+OR+isolation+OR+durability)_SpringerLink.csv;SpringerLink;12;No cite count available;https://doi.org/10.1007/978-981-10-3941-6_14;y;
A dynamic authentication scheme for mobile transactions;B Sathish Babu, P Venkataram - International Journal of Netwok Security, 2009 - Citeseer;2009;http://citeseerx.ist.psu.edu/viewdoc/download?doi=10.1.1.155.4468&rep=rep1&type=pdf;http://citeseerx.ist.psu.edu/viewdoc/download?doi=10.1.1.155.4468&rep=rep1&type=pdf;Mobile+transactions+AND+(BASE+OR+ACID)_GoogleScholar.csv;GoogleScholar;2;37;No DOI available;y;
System and method for mobile payment transactions;S Goldthwaite, W Graylin - US Patent App. 13/305,625, 2012 - Google Patents;2012;https://patents.google.com/patent/US20120072350A1/en;No PDF available;Mobile+transactions+AND+(BASE+OR+ACID)_GoogleScholar.csv;GoogleScholar;1;95;No DOI available;y;
Systems, methods and apparatus for facilitating transactions using a mobile device;B Dragt - US Patent 8,606,638, 2013 - Google Patents;2013;https://patents.google.com/patent/US8606638B2/en;No PDF available;Mobile+transactions+AND+(BASE+OR+ACID)_GoogleScholar.csv;GoogleScholar;2;134;No DOI available;y;
Secure and Authenticated Transactions with Mobile Devices;J Sun, D Zhou - US Patent App. 13/868,844, 2013 - Google Patents;2013;https://patents.google.com/patent/US20130278622A1/en;https://patentimages.storage.googleapis.com/21/ba/e4/fe968cdb54307e/US20130278622A1.pdf;Mobile+transactions+AND+(BASE+OR+ACID)_GoogleScholar.csv;GoogleScholar;1;43;No DOI available;y;
Mobile transactions using authorized tokens;MA Calman - US Patent App. 13/553,511, 2014 - Google Patents;2014;https://patents.google.com/patent/US20140025581A1/en;No PDF available;Mobile+transactions+AND+(BASE+OR+ACID)_GoogleScholar.csv;GoogleScholar;1;62;No DOI available;y;
Distributing authorized tokens to conduct mobile transactions;MA Calman - US Patent App. 13/553,423, 2014 - Google Patents;2014;https://patents.google.com/patent/US20140025585A1/en;No PDF available;Mobile+transactions+AND+(BASE+OR+ACID)_GoogleScholar.csv;GoogleScholar;1;45;No DOI available;y;
Failure Resilient Criteria for Mobile Web Services Transactions;Muhammad Younas, Leonard Barolli, Makoto Ikeda;2012;https://ieeexplore.ieee.org/document/6354727/;https://ieeexplore.ieee.org/stamp/stamp.jsp?tp=&arnumber=6354727;Mobile+transactions+AND+(BASE+OR+ACID)_IEEEXplore.csv;IEEEXplore;4;0;10.1109/EIDWT.2012.54;y;
Networked Data Transaction in Mobile Networks: A Prediction-based Approach Using Auction;Jun Du, Chunxiao Jiang, Erol Gelenbe, Zhu Han, Yong Ren, Mohsen Guizani;2018;https://ieeexplore.ieee.org/document/8450531/;https://ieeexplore.ieee.org/stamp/stamp.jsp?tp=&arnumber=8450531;Mobile+transactions+AND+(BASE+OR+ACID)_IEEEXplore.csv;IEEEXplore;1;0;10.1109/IWCMC.2018.8450531;y;
Distributed Transactions on Mobile Systems: Performance Evaluation Using SWN;Oumar Abdoul Sanghare, Mbaye Sene, Joel J. P. C. Rodrigues;2011;https://ieeexplore.ieee.org/document/5963020/;https://ieeexplore.ieee.org/stamp/stamp.jsp?tp=&arnumber=5963020;Mobile+transactions+AND+(BASE+OR+ACID)_IEEEXplore.csv;IEEEXplore;1;1;10.1109/icc.2011.5963020;y;
A comparative study of mobile database transaction models;Ramzi A. Haraty;2015;https://ieeexplore.ieee.org/document/7405506/;https://ieeexplore.ieee.org/stamp/stamp.jsp?tp=&arnumber=7405506;Mobile+transactions+AND+(BASE+OR+ACID)_IEEEXplore.csv;IEEEXplore;4;0;10.1109/ISCC.2015.7405506;y;
A model for transaction management in mobile databases;Ziyad T. Abdul-Mehdi, Ali Bin Mamat, Hamidah Ibrahim, Mustafa Mat Deris;2010;https://ieeexplore.ieee.org/document/5458474/;https://ieeexplore.ieee.org/stamp/stamp.jsp?tp=&arnumber=5458474;Mobile+transactions+AND+(BASE+OR+ACID)_IEEEXplore.csv;IEEEXplore;5;35;10.1109/MPOT.2010.936929;y;
Adaptive location updates for mobile sinks in wireless sensor networks;Guojun Wang,    Tian Wang,    Weijia Jia,    Minyi Guo,    Jie Li;2009;https://link.springer.com/article/10.1007/s11227-008-0181-5;https://link.springer.com/content/pdf/10.1007%2Fs11227-008-0181-5.pdf;Mobile+transactions+AND+(BASE+OR+ACID)_SpringerLink.csv;SpringerLink;6;247;https://doi.org/10.1007/s11227-008-0181-5;y;
An unequal cluster-based routing protocol in wireless sensor networks;Guihai Chen,    Chengfa Li,    Mao Ye,    Jie Wu;2009;https://link.springer.com/article/10.1007/s11276-007-0035-8;https://link.springer.com/content/pdf/10.1007%2Fs11276-007-0035-8.pdf;Mobile+transactions+AND+(BASE+OR+ACID)_SpringerLink.csv;SpringerLink;4;220;https://doi.org/10.1007/s11276-007-0035-8;y;
What drives the adoption of mobile data services? An approach from a value perspective;Byoungsoo Kim,    Ingoo Han;2009;https://link.springer.com/article/10.1057/jit.2008.28;No PDF available;Mobile+transactions+AND+(BASE+OR+ACID)_SpringerLink.csv;SpringerLink;2;57;https://doi.org/10.1057/jit.2008.28;y;
TPGF: geographic routing in wireless multimedia sensor networks;Lei Shu,    Yan Zhang,    Laurence T. Yang,    Yu Wang…;2010;https://link.springer.com/article/10.1007/s11235-009-9227-0;https://link.springer.com/content/pdf/10.1007%2Fs11235-009-9227-0.pdf;Mobile+transactions+AND+(BASE+OR+ACID)_SpringerLink.csv;SpringerLink;11;82;https://doi.org/10.1007/s11235-009-9227-0;y;
Node deployment strategy optimization for wireless sensor network with mobile base station;Jun Long 龙军,    Wei-hua Gui 桂卫华;2012;https://link.springer.com/article/10.1007/s11771-012-1024-3;https://link.springer.com/content/pdf/10.1007%2Fs11771-012-1024-3.pdf;Mobile+transactions+AND+(BASE+OR+ACID)_SpringerLink.csv;SpringerLink;4;332;https://doi.org/10.1007/s11771-012-1024-3;y;
Localization algorithms of Wireless Sensor Networks: a survey;Guangjie Han,    Huihui Xu,    Trung Q. Duong,    Jinfang Jiang…;2013;https://link.springer.com/article/10.1007/s11235-011-9564-7;https://link.springer.com/content/pdf/10.1007%2Fs11235-011-9564-7.pdf;Mobile+transactions+AND+(BASE+OR+ACID)_SpringerLink.csv;SpringerLink;3;173;https://doi.org/10.1007/s11235-011-9564-7;y;
A Survey of Mobile Cloud Computing Applications: Perspectives and Challenges;Yating Wang,    Ing-Ray Chen,    Ding-Chau Wang;2015;https://link.springer.com/article/10.1007/s11277-014-2102-7;https://link.springer.com/content/pdf/10.1007%2Fs11277-014-2102-7.pdf;Mobile+transactions+AND+(BASE+OR+ACID)_SpringerLink.csv;SpringerLink;8;108;https://doi.org/10.1007/s11277-014-2102-7;y;
Framework for context-aware computation offloading in mobile cloud computing;Xing Chen,    Shihong Chen,    Xuee Zeng,    Xianghan Zheng…;2017;https://link.springer.com/article/10.1186/s13677-016-0071-y;https://link.springer.com/content/pdf/10.1186%2Fs13677-016-0071-y.pdf;Mobile+transactions+AND+(BASE+OR+ACID)_SpringerLink.csv;SpringerLink;6;66;https://doi.org/10.1186/s13677-016-0071-y;y;
Distributed Transactions for Semantic Web Workflows-Overcoming the CAP Limitations on Virtual Organizations;DJ Buehrer, CY Wang - … on Parallel and Distributed Processing with …, 2010 - computer.org;2010;https://www.computer.org/csdl/proceedings/ispa/2010/4190/00/4190a465-abs.html;No PDF available;Mobile+transactions+AND+CAP+theorem_GoogleScholar.csv;GoogleScholar;1;No cite count available;No DOI available;y;
Perspectives on the CAP Theorem;S Gilbert, NA Lynch - Computer, 2012 - ieeexplore.ieee.org;2012;https://ieeexplore.ieee.org/iel5/2/5306045/06122006.pdf;https://dspace.mit.edu/openaccess-disseminate/1721.1/79112;Mobile+transactions+AND+CAP+theorem_GoogleScholar.csv;GoogleScholar;1;61;No DOI available;y;y
CAP Theorem between Claims and Misunderstandings: What is to be Sacrificed;BW Diack, S Ndiaye, Y Slimani - International Journal of …, 2013 - pdfs.semanticscholar.org;2013;https://pdfs.semanticscholar.org/da09/4277db85e5468444a0efe08dcc4a7179631c.pdf;https://pdfs.semanticscholar.org/da09/4277db85e5468444a0efe08dcc4a7179631c.pdf;Mobile+transactions+AND+CAP+theorem_GoogleScholar.csv;GoogleScholar;1;8;No DOI available;y;
Migrating a mobile application towards a distributed database for simplified synchronisation;K Lorenzen - 2013 - diva-portal.org;2013;http://www.diva-portal.org/smash/record.jsf?pid=diva2:668896;http://www.diva-portal.org/smash/get/diva2:668896/FULLTEXT01.pdf;Mobile+transactions+AND+CAP+theorem_GoogleScholar.csv;GoogleScholar;1;2;No DOI available;y;
The cap theorem versus databases with relaxed acid properties;L Frank, RU Pedersen, CH Frank… - Proceedings of the 8th …, 2014 - dl.acm.org;2014;https://dl.acm.org/citation.cfm?id=2557981;No PDF available;Mobile+transactions+AND+CAP+theorem_GoogleScholar.csv;GoogleScholar;1;7;No DOI available;y;y
A Critique of the CAP Theorem;M Kleppmann - arXiv preprint arXiv:1509.05393, 2015 - arxiv.org;2015;https://arxiv.org/abs/1509.05393;https://arxiv.org/pdf/1509.05393;Mobile+transactions+AND+CAP+theorem_GoogleScholar.csv;GoogleScholar;1;9;No DOI available;y;
Consistency Models for Mobile Games with Cloud Databases;B Norling - 2015 - diva-portal.org;2015;http://www.diva-portal.org/smash/record.jsf?pid=diva2:852810;http://www.diva-portal.org/smash/get/diva2:852810/FULLTEXT01.pdf;Mobile+transactions+AND+CAP+theorem_GoogleScholar.csv;GoogleScholar;1;No cite count available;No DOI available;y;
CAP on mobility control for 4G LTE networks;Y Li, Z Yuan, C Peng, S Lu - Proceedings of the 3rd Workshop on Hot …, 2016 - dl.acm.org;2016;https://dl.acm.org/citation.cfm?id=2980120;http://metro.cs.ucla.edu/papers/hotwireless16.pdf;Mobile+transactions+AND+CAP+theorem_GoogleScholar.csv;GoogleScholar;1;2;No DOI available;y;
Building mobile multimedia services: a hybrid cloud computing approach;Dejan Kovachev,    Yiwei Cao,    Ralf Klamma;2014;https://link.springer.com/article/10.1007/s11042-012-1100-6;https://link.springer.com/content/pdf/10.1007%2Fs11042-012-1100-6.pdf;Mobile+transactions+AND+CAP+theorem_SpringerLink.csv;SpringerLink;10;15;https://doi.org/10.1007/s11042-012-1100-6;y;
Optimistic Replication and Resolution;Marc Shapiro;2018;https://link.springer.com/referenceworkentry/10.1007/978-1-4614-8265-9_258;https://link.springer.com/content/pdf/10.1007%2F978-1-4614-8265-9_258.pdf;Mobile+transactions+AND+CAP+theorem_SpringerLink.csv;SpringerLink;141;No cite count available;https://doi.org/10.1007/978-1-4614-8265-9;y;
Internet eco system for transacting information and transactional data for compensation;A Hadi - US Patent App. 12/317,759, 2009 - Google Patents;2009;https://patents.google.com/patent/US20090177529A1/en;No PDF available;Mobile+transactions+AND+compensation_GoogleScholar.csv;GoogleScholar;1;82;No DOI available;y;
Handling disconnection in mobile database transaction;Romani Farid Ibrahim;2011;https://ieeexplore.ieee.org/document/6111015/;https://ieeexplore.ieee.org/stamp/stamp.jsp?tp=&arnumber=6111015;Mobile+transactions+AND+compensation_IEEEXplore.csv;IEEEXplore;2;1;10.1109/ICAICT.2011.6111015;y;
Consistency management strategies for data replication in mobile ad hoc networks;T Hara, SK Madria - 2009 - scholarsmine.mst.edu;2009;http://scholarsmine.mst.edu/comsci_facwork/180/;http://scholarsmine.mst.edu/cgi/viewcontent.cgi?article=1179&context=comsci_facwork;Mobile+transactions+AND+consistency_GoogleScholar.csv;GoogleScholar;2;103;No DOI available;y;y
SSUM: smart server update mechanism for maintaining cache consistency in mobile environments;K Mershad, H Artail - IEEE Transactions on Mobile Computing, 2010 - ieeexplore.ieee.org;2010;https://ieeexplore.ieee.org/abstract/document/5383361/;No PDF available;Mobile+transactions+AND+consistency_GoogleScholar.csv;GoogleScholar;1;39;No DOI available;y;y
System and method of managing contactless payment transactions using a mobile communication device as a stored value device;A Sun, PC An, YC Lo, CH Lee, CW Pang… - US Patent …, 2011 - Google Patents;2011;https://patents.google.com/patent/US8014755B2/en;No PDF available;Mobile+transactions+AND+consistency_GoogleScholar.csv;GoogleScholar;11;338;No DOI available;y;
Transaction method with a mobile apparatus;R Ritter - US Patent 8,165,965, 2012 - Google Patents;2012;https://patents.google.com/patent/US8165965B2/en;No PDF available;Mobile+transactions+AND+consistency_GoogleScholar.csv;GoogleScholar;2;93;No DOI available;y;
Systems and methods to secure transactions via mobile devices;R Hirson, M Niejadlik - US Patent 8,412,626, 2013 - Google Patents;2013;https://patents.google.com/patent/US8412626B2/en;No PDF available;Mobile+transactions+AND+consistency_GoogleScholar.csv;GoogleScholar;6;141;No DOI available;y;
DCIM: Distributed cache invalidation method for maintaining cache consistency in wireless mobile networks;K Fawaz, H Artail - IEEE Transactions on Mobile Computing, 2013 - ieeexplore.ieee.org;2013;https://ieeexplore.ieee.org/abstract/document/6148232/;No PDF available;Mobile+transactions+AND+consistency_GoogleScholar.csv;GoogleScholar;1;47;No DOI available;y;y
Simba: Tunable end-to-end data consistency for mobile apps;D Perkins, N Agrawal, A Aranya, C Yu, Y Go… - Proceedings of the …, 2015 - dl.acm.org;2015;https://dl.acm.org/citation.cfm?id=2741974;https://web.eecs.umich.edu/~harshavm/papers/eurosys15.pdf;Mobile+transactions+AND+consistency_GoogleScholar.csv;GoogleScholar;1;23;No DOI available;y;
Context-Aware Mobile Services Transactions;Muhammad Younas, Soraya Kouadri Mostéfaoui;2010;https://ieeexplore.ieee.org/document/5474804/;https://ieeexplore.ieee.org/stamp/stamp.jsp?tp=&arnumber=5474804;Mobile+transactions+AND+consistency_IEEEXplore.csv;IEEEXplore;5;11;10.1109/AINA.2010.157;y;
Improving the Success Rate of Concurrent Mobile Transactions by Predicting Time for Execution;Salman Abdul Moiz, Umesh Kumar Choudhary;2014;https://ieeexplore.ieee.org/document/7024677/;https://ieeexplore.ieee.org/stamp/stamp.jsp?tp=&arnumber=7024677;Mobile+transactions+AND+consistency_IEEEXplore.csv;IEEEXplore;3;0;10.1109/UNESST.2014.13;y;
Programmable electronic payment card transaction limit implemented using mobile electronic technologies;Mirko Sajić, Dušanka Bundalo, Zlatko Bundalo, Luka Sajić, Goran Kuzmić;2018;https://ieeexplore.ieee.org/document/8406035/;https://ieeexplore.ieee.org/stamp/stamp.jsp?tp=&arnumber=8406035;Mobile+transactions+AND+Embedded_IEEEXplore.csv;IEEEXplore;1;0;10.1109/MECO.2018.8406035;y;
Classification of transaction models in mobile database system;Amer O. Abu Salem, Ahmad H. Al-Qeerm;2015;https://ieeexplore.ieee.org/document/7209086/;https://ieeexplore.ieee.org/stamp/stamp.jsp?tp=&arnumber=7209086;Mobile+transactions+AND+Embedded_IEEEXplore.csv;IEEEXplore;1;0;10.1109/WSWAN.2015.7209086;y;
Critical segment based real-time E-signature for securing mobile transactions;Yanzhi Ren, Chen Wang, Yingying Chen, Mooi Choo Chuah, Jie Yang;2015;https://ieeexplore.ieee.org/document/7346804/;https://ieeexplore.ieee.org/stamp/stamp.jsp?tp=&arnumber=7346804;Mobile+transactions+AND+Embedded_IEEEXplore.csv;IEEEXplore;1;1;10.1109/CNS.2015.7346804;y;
TRM-IoT: A trust management model based on fuzzy reputation for internet of things;D Chen, G Chang, D Sun, J Li, J Jia… - Computer Science and …, 2011 - doiserbia.nb.rs;2011;http://www.doiserbia.nb.rs/ft.aspx?id=1820-02141100056C;http://www.doiserbia.nb.rs/ft.aspx?id=1820-02141100056C;Mobile+transactions+AND+IoT_GoogleScholar.csv;GoogleScholar;1;296;No DOI available;y;
Making sense of interoperability: Protocols and Standardization initiatives in IOT;R Sutaria, R Govindachari - … on Computing and Networking for Internet …, 2013 - cymbet.com;2013;http://www.cymbet.com/pdfs/Low_power_IoT_ComNet_2013_Mindtree.pdf;http://www.cymbet.com/pdfs/Low_power_IoT_ComNet_2013_Mindtree.pdf;Mobile+transactions+AND+IoT_GoogleScholar.csv;GoogleScholar;1;21;No DOI available;y;
Ontologies for the transactions on IoT;C Qu, F Liu, M Tao - International Journal of Distributed …, 2015 - journals.sagepub.com;2015;http://journals.sagepub.com/doi/abs/10.1155/2015/934541;http://journals.sagepub.com/doi/pdf/10.1155/2015/934541;Mobile+transactions+AND+IoT_GoogleScholar.csv;GoogleScholar;1;13;No DOI available;y;
Connection-less communication of IoT devices over LTE mobile networks;RP Jover, I Murynets - Sensing, Communication, and …, 2015 - ieeexplore.ieee.org;2015;https://ieeexplore.ieee.org/abstract/document/7338323/;https://www.researchgate.net/profile/Roger_Piqueras_Jover/publication/295080963_Connection-less_communication_of_IoT_devices_over_LTE_mobile_networks/links/5a6f9cd9458515015e61676c/Connection-less-communication-of-IoT-devices-over-LTE-mobile-networks.pdf;Mobile+transactions+AND+IoT_GoogleScholar.csv;GoogleScholar;1;24;No DOI available;y;
Wireless mobile transaction system and the procedure for carrying out transactions with a mobile phone;A Chowdhury, M Urbanija, B Kotnik… - US Patent …, 2015 - Google Patents;2015;https://patents.google.com/patent/US9189783B2/en;No PDF available;Mobile+transactions+AND+IoT_GoogleScholar.csv;GoogleScholar;1;13;No DOI available;y;
Wearable electronic devices and mobile transactions and/or actions;ASII Carroll - US Patent 9,519,898, 2016 - Google Patents;2016;https://patents.google.com/patent/US9519898B2/en;No PDF available;Mobile+transactions+AND+IoT_GoogleScholar.csv;GoogleScholar;1;4;No DOI available;y;
Using CoAP Protocol for Resource Observation in IoT;SR Jan, F Khan, F Ullah, N Azim… - International Journal of …, 2016 - researchgate.net;2016;https://www.researchgate.net/profile/Fazlullah_Khan2/publication/303280240_USING_COAP_PROTOCOL_FOR_RESOURCE_OBSERVATION_IN_IOT/links/573aeb0e08ae298602e41665.pdf;https://www.researchgate.net/profile/Fazlullah_Khan2/publication/303280240_USING_COAP_PROTOCOL_FOR_RESOURCE_OBSERVATION_IN_IOT/links/573aeb0e08ae298602e41665.pdf;Mobile+transactions+AND+IoT_GoogleScholar.csv;GoogleScholar;1;22;No DOI available;y;
Securing user identity and transactions symbiotically: IoT meets blockchain;DW Kravitz, J Cooper - Global Internet of Things Summit (GIoTS …, 2017 - ieeexplore.ieee.org;2017;https://ieeexplore.ieee.org/abstract/document/8016280/;No PDF available;Mobile+transactions+AND+IoT_GoogleScholar.csv;GoogleScholar;1;15;No DOI available;y;
A Secure Transaction Scheme With Certificateless Cryptographic Primitives for IoT-Based Mobile Payments;Kuo-Hui Yeh;2018;https://ieeexplore.ieee.org/document/7875435/;https://ieeexplore.ieee.org/stamp/stamp.jsp?tp=&arnumber=7875435;Mobile+transactions+AND+IoT_IEEEXplore.csv;IEEEXplore;2;3;10.1109/JSYST.2017.2668389;y;
A distributed trust management model for mobile P2P networks;Xu Wu;2012;https://link.springer.com/article/10.1007/s12083-011-0103-9;https://link.springer.com/content/pdf/10.1007%2Fs12083-011-0103-9.pdf;Movement+management+AND+transactions_SpringerLink.csv;SpringerLink;7;667;https://doi.org/10.1007/s12083-011-0103-9;y;
Method and system for securing transactions made through a mobile communication device;M Fisher, R Guha - US Patent 8,290,433, 2012 - Google Patents;2012;https://patents.google.com/patent/US8290433B2/en;No PDF available;portable+device*+AND+transaction*+AND+mobile_GoogleScholar.csv;GoogleScholar;4;136;No DOI available;y;
Hierarchical and QoS-Aware Routing in Multihop Wireless Mesh Networks;Paolo Bucciol,    Frank Y. Li,    Nikos Fragoulis…;2009;https://link.springer.com/chapter/10.1007/978-1-84800-909-7_3;No PDF available;portable+device*+AND+transaction*+AND+mobile_SpringerLink.csv;SpringerLink;9;71;https://doi.org/10.1007/978-1-84800-909-7_3;y;
Ensuring Mobile Databases Interoperability in Ad Hoc Configurable Environments: A Plug-and-Play Approach;Angelo Brayner,    José de Aguiar Moraes Filho…;2009;https://link.springer.com/chapter/10.1007/978-3-642-02196-1_8;No PDF available;portable+device*+AND+transaction*+AND+mobile_SpringerLink.csv;SpringerLink;10;No cite count available;https://doi.org/10.1007/978-3-642-02196-1_8;y;
Intelligent Middle-Ware Architecture for Mobile Networks;Rayene Ben Rayana,    Jean-Marie Bonnin;2009;https://link.springer.com/chapter/10.1007/978-3-642-01802-2_4;No PDF available;portable+device*+AND+transaction*+AND+mobile_SpringerLink.csv;SpringerLink;12;No cite count available;https://doi.org/10.1007/978-3-642-01802-2_4;y;
Routing for disruption tolerant networks: taxonomy and design;Thrasyvoulos Spyropoulos,    Rao Naveed Bin Rais,    Thierry Turletti…;2010;https://link.springer.com/article/10.1007/s11276-010-0276-9;https://link.springer.com/content/pdf/10.1007%2Fs11276-010-0276-9.pdf;portable+device*+AND+transaction*+AND+mobile_SpringerLink.csv;SpringerLink;6;163;https://doi.org/10.1007/s11276-010-0276-9;y;
True Systems Integration;Julian Ashbourn;2011;https://link.springer.com/chapter/10.1007/978-0-85729-467-8_5;No PDF available;portable+device*+AND+transaction*+AND+mobile_SpringerLink.csv;SpringerLink;10;No cite count available;https://doi.org/10.1007/978-0-85729-467-8_5;y;y
Opportunistic Content Distribution in Intermittently Connected Mobile Ad Hoc Networks;Abbas Jamalipour,    Yaozhou Ma;2011;https://link.springer.com/chapter/10.1007/978-1-4614-1572-5_2;No PDF available;portable+device*+AND+transaction*+AND+mobile_SpringerLink.csv;SpringerLink;24;No cite count available;https://doi.org/10.1007/978-1-4614-1572-5_2;y;
Semantic Data Caching Strategies for Location Dependent Data in Mobile Environments;N. Ilayaraja,    F. Mary Magdalene Jane…;2011;https://link.springer.com/chapter/10.1007/978-3-642-22027-2_14;No PDF available;portable+device*+AND+transaction*+AND+mobile_SpringerLink.csv;SpringerLink;10;1;https://doi.org/10.1007/978-3-642-22027-2_14;y;
Literature Review;Casey C. Grant;2012;https://link.springer.com/chapter/10.1007/978-1-4614-8277-2_2;No PDF available;portable+device*+AND+transaction*+AND+mobile_SpringerLink.csv;SpringerLink;95;No cite count available;https://doi.org/10.1007/978-1-4614-8277-2_2;y;y
Data Replication in Cooperative Mobile Ad-Hoc Networks;Dan Hirsch,    Sanjay Madria;2013;https://link.springer.com/article/10.1007/s11036-012-0393-z;https://link.springer.com/content/pdf/10.1007%2Fs11036-012-0393-z.pdf;portable+device*+AND+transaction*+AND+mobile_SpringerLink.csv;SpringerLink;16;4;https://doi.org/10.1007/s11036-012-0393-z;y;
Mobile Cloud Computing: A Survey, State of Art and Future Directions;M. Reza Rahimi,    Jian Ren,    Chi Harold Liu…;2014;https://link.springer.com/article/10.1007/s11036-013-0477-4;https://link.springer.com/content/pdf/10.1007%2Fs11036-013-0477-4.pdf;portable+device*+AND+transaction*+AND+mobile_SpringerLink.csv;SpringerLink;8;272;https://doi.org/10.1007/s11036-013-0477-4;y;
Mobile Web and Cloud Services;Satish Narayana Srirama;2014;https://link.springer.com/chapter/10.1007/978-1-4614-7535-4_21;No PDF available;portable+device*+AND+transaction*+AND+mobile_SpringerLink.csv;SpringerLink;18;22;https://doi.org/10.1007/978-1-4614-7535-4_21;y;
Mobile Communication Networks;Ghufran Al-Shiridah,    Maytham Safar…;2014;https://link.springer.com/referenceworkentry/10.1007/978-1-4614-6170-8_68;https://link.springer.com/content/pdf/10.1007%2F978-1-4614-6170-8_68.pdf;portable+device*+AND+transaction*+AND+mobile_SpringerLink.csv;SpringerLink;53;No cite count available;https://doi.org/10.1007/978-1-4614-6170-8;y;
A Fault Tolerance Approach for Mobile Agents;Munshi Navid Anjum,    Chandreyee Chowdhury…;2014;https://link.springer.com/chapter/10.1007/978-3-319-07350-7_4;No PDF available;portable+device*+AND+transaction*+AND+mobile_SpringerLink.csv;SpringerLink;11;No cite count available;https://doi.org/10.1007/978-3-319-07350-7_4;y;
Mobile M2M communication architectures, upcoming challenges, applications, and future directions;Yasir Mehmood,    Carmelita Görg…;2015;https://link.springer.com/article/10.1186/s13638-015-0479-y;https://link.springer.com/content/pdf/10.1186%2Fs13638-015-0479-y.pdf;portable+device*+AND+transaction*+AND+mobile_SpringerLink.csv;SpringerLink;10;24;https://doi.org/10.1186/s13638-015-0479-y;y;y
A survey on position-based routing for vehicular ad hoc networks;Jianqi Liu,    Jiafu Wan,    Qinruo Wang,    Pan Deng,    Keliang Zhou…;2016;https://link.springer.com/article/10.1007/s11235-015-9979-7;https://link.springer.com/content/pdf/10.1007%2Fs11235-015-9979-7.pdf;portable+device*+AND+transaction*+AND+mobile_SpringerLink.csv;SpringerLink;10;64;https://doi.org/10.1007/s11235-015-9979-7;y;
Security framework for RESTful mobile cloud computing Web services;Feda AlShahwan,    Maha Faisal,    Godwin Ansa;2016;https://link.springer.com/article/10.1007/s12652-015-0308-5;https://link.springer.com/content/pdf/10.1007%2Fs12652-015-0308-5.pdf;portable+device*+AND+transaction*+AND+mobile_SpringerLink.csv;SpringerLink;11;8;https://doi.org/10.1007/s12652-015-0308-5;y;
Ubiquitous Computing: Distributing Mobile Computing to Build a Global Network of Things;Johannes Lambrechts,    Saurabh Sinha;2016;https://link.springer.com/chapter/10.1007/978-3-319-28358-6_7;https://link.springer.com/content/pdf/10.1007%2F978-3-319-28358-6_7.pdf;portable+device*+AND+transaction*+AND+mobile_SpringerLink.csv;SpringerLink;11;2;https://doi.org/10.1007/978-3-319-28358-6_7;y;
Mobile OS and Application Protocols;R. K. Ghosh;2017;https://link.springer.com/chapter/10.1007/978-981-10-3941-6_8;https://link.springer.com/content/pdf/10.1007%2F978-981-10-3941-6_8.pdf;portable+device*+AND+transaction*+AND+mobile_SpringerLink.csv;SpringerLink;25;No cite count available;https://doi.org/10.1007/978-981-10-3941-6_8;y;y
Storage Systems for Mobile Environment;R. K. Ghosh;2017;https://link.springer.com/chapter/10.1007/978-981-10-3941-6_15;https://link.springer.com/content/pdf/10.1007%2F978-981-10-3941-6_15.pdf;portable+device*+AND+transaction*+AND+mobile_SpringerLink.csv;SpringerLink;16;No cite count available;https://doi.org/10.1007/978-981-10-3941-6_15;y;
Cloud Computing, Virtualisation, Storage and Networking;Andriy Luntovskyy,    Josef Spillner;2017;https://link.springer.com/chapter/10.1007/978-3-658-14842-3_4;https://link.springer.com/content/pdf/10.1007%2F978-3-658-14842-3_4.pdf;portable+device*+AND+transaction*+AND+mobile_SpringerLink.csv;SpringerLink;10;No cite count available;https://doi.org/10.1007/978-3-658-14842-3_4;y;
A Priority Heuristic Policy in Mobile Distributed Real-Time Database System;Prakash Kumar Singh,    Udai Shanker;2018;https://link.springer.com/chapter/10.1007/978-981-10-8360-0_20;https://link.springer.com/content/pdf/10.1007%2F978-981-10-8360-0_20.pdf;portable+device*+AND+transaction*+AND+mobile_SpringerLink.csv;SpringerLink;12;No cite count available;https://doi.org/10.1007/978-981-10-8360-0_20;y;y
Exploring delay-aware transactions in heterogenous mobile environments,”;B Ayari, A Khelil, N Suri - Journal of Software, 2009 - pdfs.semanticscholar.org;2009;https://pdfs.semanticscholar.org/30df/4942277fc6fe5636ee55c585ace5b63eb77e.pdf;https://pdfs.semanticscholar.org/30df/4942277fc6fe5636ee55c585ace5b63eb77e.pdf;Resilient+connectivity+AND+mobile+transactions_GoogleScholar.csv;GoogleScholar;1;4;No DOI available;y;y
Connectivity and critical point behavior in mobile ad hoc and sensor networks;TH Kim, D Tipper… - … and Communications, 2009 …, 2009 - ieeexplore.ieee.org;2009;https://ieeexplore.ieee.org/abstract/document/5202371/;https://www.researchgate.net/profile/David_Tipper/publication/221504591_Connectivity_and_critical_point_behavior_in_mobile_ad_hoc_and_sensor_networks/links/02bfe51392e124dd35000000.pdf;Resilient+connectivity+AND+mobile+transactions_GoogleScholar.csv;GoogleScholar;2;17;No DOI available;y;
Quantifying connectivity of grid-based Wireless Sensor Networks under practical errors;MAT Fadi, SH Hossam… - Local Computer Networks …, 2010 - ieeexplore.ieee.org;2010;https://ieeexplore.ieee.org/abstract/document/5735706/;http://www.queenstrl.ca/uploads/4/6/3/1/4631596/quantifying_connectivity_of_grid-based_wireless_sensor_networks_under_practical_errors.pdf;Resilient+connectivity+AND+mobile+transactions_GoogleScholar.csv;GoogleScholar;1;6;No DOI available;y;
Perturbation-Resilient Atomic Commit Protocols for Mobile Environments;B Ayari - 2010 - tuprints.ulb.tu-darmstadt.de;2010;http://tuprints.ulb.tu-darmstadt.de/2274/;http://tuprints.ulb.tu-darmstadt.de/2274/1/TUD-BrahimAyari-PhDThesis.pdf;Resilient+connectivity+AND+mobile+transactions_GoogleScholar.csv;GoogleScholar;2;2;No DOI available;y;y
On the design of perturbation-resilient atomic commit protocols for mobile transactions;B Ayari, A Khelil, N Suri - ACM Transactions on Computer Systems …, 2011 - dl.acm.org;2011;https://dl.acm.org/citation.cfm?id=2003691;https://www.tk.informatik.tu-darmstadt.de/fileadmin/user_upload/GROUP_DEEDS/Publications/Publication/ayari_acmtocs_2011.pdf;Resilient+connectivity+AND+mobile+transactions_GoogleScholar.csv;GoogleScholar;3;10;No DOI available;y;y
Resilient key establishment for mobile sensor networks;K Karaca, A Levi - … in Sensor Systems and Workshops (DCOSS …, 2011 - ieeexplore.ieee.org;2011;https://ieeexplore.ieee.org/abstract/document/5982207/;No PDF available;Resilient+connectivity+AND+mobile+transactions_GoogleScholar.csv;GoogleScholar;2;2;No DOI available;y;
An energy and memory-efficient key management scheme for mobile heterogeneous sensor networks;SU Khan, C Pastrone, L Lavagno… - Risk and Security of …, 2011 - ieeexplore.ieee.org;2011;https://ieeexplore.ieee.org/abstract/document/6061832/;https://iris.polito.it/retrieve/handle/11583/2458628/55107/KhanKeyManagement-CameraReady.pdfPOLITECNICO;Resilient+connectivity+AND+mobile+transactions_GoogleScholar.csv;GoogleScholar;2;27;No DOI available;y;
Design of secure mobile payment protocols for restricted connectivity scenarios;JA Téllez Isaac - 2012 - upcommons.upc.edu;2012;https://upcommons.upc.edu/handle/2117/94695;https://upcommons.upc.edu/bitstream/handle/2117/94695/TJTI1de1.pdf;Resilient+connectivity+AND+mobile+transactions_GoogleScholar.csv;GoogleScholar;1;No cite count available;No DOI available;y;
The influence of communication range on connectivity for resilient wireless sensor networks using a probabilistic approach;Y Huang, JF Martínez, J Sendra… - International Journal of …, 2013 - journals.sagepub.com;2013;http://journals.sagepub.com/doi/abs/10.1155/2013/482727;http://journals.sagepub.com/doi/full/10.1155/2013/482727;Resilient+connectivity+AND+mobile+transactions_GoogleScholar.csv;GoogleScholar;2;17;No DOI available;y;
Localized algorithm to improve connectivity and topological resilience of multi-hop wireless networks;TH Kim, D Tipper, P Krishnamurthy - Journal of information and …, 2013 - koreascience.or.kr;2013;http://www.koreascience.or.kr/article/ArticleFullRecord.jsp?cn=E1ICAW_2013_v11n2_69;http://citeseerx.ist.psu.edu/viewdoc/download?doi=10.1.1.898.1241&rep=rep1&type=pdf;Resilient+connectivity+AND+mobile+transactions_GoogleScholar.csv;GoogleScholar;2;10;No DOI available;y;
Resilient PUMA (Protocol for Unified Multicasting through Announcement) against Internal Attacks in Mobile Ad Hoc Networks;AM Pushpa, K Kathiravan - Advances in Computing …, 2013 - ieeexplore.ieee.org;2013;https://ieeexplore.ieee.org/abstract/document/6637473/;No PDF available;Resilient+connectivity+AND+mobile+transactions_GoogleScholar.csv;GoogleScholar;1;8;No DOI available;y;
GMTC: A generalized commit approach for hybrid mobile environments;B Ayari, A Khelil, N Suri - IEEE Transactions on Mobile …, 2013 - ieeexplore.ieee.org;2013;https://ieeexplore.ieee.org/abstract/document/6319302/;http://www1.deeds.informatik.tu-darmstadt.de/External/PublicationData/0/TMC-GMTC.pdf;Resilient+connectivity+AND+mobile+transactions_GoogleScholar.csv;GoogleScholar;1;1;No DOI available;y;y
The role of IoT in network resilience;H Petersen, E Baccelli, M Wählisch, TC Schmidt… - 2014 - hal.inria.fr;2014;https://hal.inria.fr/hal-01010891/;https://hal.inria.fr/docs/01/01/08/91/PDF/RR-8552.pdf;Resilient+connectivity+AND+mobile+transactions_GoogleScholar.csv;GoogleScholar;1;1;No DOI available;y;
MCloudDB: A Mobile Cloud Database Service Framework;L Lei, S Sengupta, T Pattanaik… - Mobile Cloud Computing …, 2015 - ieeexplore.ieee.org;2015;https://ieeexplore.ieee.org/abstract/document/7130864/;https://www.researchgate.net/profile/Jerry_Gao/publication/273635400_MCloudDB_A_Mobile_Cloud_Database_Service_Framework/links/5509346b0cf27e990e0e0777/MCloudDB-A-Mobile-Cloud-Database-Service-Framework.pdf;Resilient+connectivity+AND+mobile+transactions_GoogleScholar.csv;GoogleScholar;1;7;No DOI available;y;
Measuring the resilience of mobile ad hoc networks with human walk patterns;D Zhang, JPG Sterbenz - Reliable Networks Design and …, 2015 - ieeexplore.ieee.org;2015;https://ieeexplore.ieee.org/abstract/document/7325224/;https://www.researchgate.net/profile/Dongsheng_Zhang7/publication/306033166_Measuring_the_resilience_of_mobile_ad_hoc_networks_with_human_walk_patterns/links/5ab09577a6fdcc1bc0be1d6f/Measuring-the-resilience-of-mobile-ad-hoc-networks-with-human-walk-patterns.pdf;Resilient+connectivity+AND+mobile+transactions_GoogleScholar.csv;GoogleScholar;2;6;No DOI available;y;
Resilient and decentralized control of multi-level cooperative mobile networks to maintain connectivity under adversarial environment;J Chen, Q Zhu - Decision and Control (CDC), 2016 IEEE 55th …, 2016 - ieeexplore.ieee.org;2016;https://ieeexplore.ieee.org/abstract/document/7799062/;https://arxiv.org/pdf/1505.07158;Resilient+connectivity+AND+mobile+transactions_GoogleScholar.csv;GoogleScholar;2;13;No DOI available;y;
A resilient cybersecurity framework for Mobile Financial Services (MFS);S Ambore, C Richardson, H Dogan… - Journal of Cyber …, 2017 - Taylor & Francis;2017;https://www.tandfonline.com/doi/abs/10.1080/23742917.2017.1386483;https://www.tandfonline.com/doi/full/10.1080/23742917.2017.1386483;Resilient+connectivity+AND+mobile+transactions_GoogleScholar.csv;GoogleScholar;1;No cite count available;No DOI available;y;
A Multi-Layer Feedback System Approach to Resilient Connectivity of Remotely Deployed Mobile Internet of Things;MJ Farooq, Q Zhu - IEEE Transactions on Cognitive …, 2018 - ieeexplore.ieee.org;2018;https://ieeexplore.ieee.org/abstract/document/8360491/;https://arxiv.org/pdf/1805.05824;Resilient+connectivity+AND+mobile+transactions_GoogleScholar.csv;GoogleScholar;1;1;No DOI available;y;y
Multipath Routing Techniques in Wireless Sensor Networks: A Survey;Kewei Sha,    Jegnesh Gehlot,    Robert Greve;2013;https://link.springer.com/article/10.1007/s11277-012-0723-2;https://link.springer.com/content/pdf/10.1007%2Fs11277-012-0723-2.pdf;Resilient+connectivity+AND+mobile+transactions_SpringerLink.csv;SpringerLink;4;67;https://doi.org/10.1007/s11277-012-0723-2;y;
A mobility and congestion resilient data management system for distributed mobile networks;Z Li, H Shen - Mobile Adhoc and Sensor Systems, 2009. MASS …, 2009 - ieeexplore.ieee.org;2009;https://ieeexplore.ieee.org/abstract/document/5336942/;No PDF available;Resilient+connectivity+AND+mobility_GoogleScholar.csv;GoogleScholar;1;8;No DOI available;y;
A key management scheme supporting node mobility in heterogeneous sensor networks;UK Sarmad, L Lavagno… - … (ICET), 2010 6th …, 2010 - ieeexplore.ieee.org;2010;https://ieeexplore.ieee.org/abstract/document/5638458/;No PDF available;Resilient+connectivity+AND+mobility_GoogleScholar.csv;GoogleScholar;1;16;No DOI available;y;
A survey of mobility in information-centric networks: Challenges and research directions;G Tyson, N Sastry, I Rimac, R Cuevas… - Proceedings of the 1st …, 2012 - dl.acm.org;2012;https://dl.acm.org/citation.cfm?id=2248363;https://www.researchgate.net/profile/Gareth_Tyson/publication/225082706_A_Survey_of_Mobility_in_Information-Centric_Networks_Challenges_and_Research_Directions/links/0912f4fc8a38b42ddb000000/A-Survey-of-Mobility-in-Information-Centric-Networks-Challenges-and-Research-Directions.pdf;Resilient+connectivity+AND+mobility_GoogleScholar.csv;GoogleScholar;2;110;No DOI available;y;
Mobile device which hands over connectivity from one network connection to another network connection without interruption in application data flow and methods …;S Srinivasan, YK Lee, C Sengupta - US Patent 8,886,195, 2014 - Google Patents;2014;https://patents.google.com/patent/US8886195B2/en;No PDF available;seamless+connectivity+AND+mobile_GoogleScholar.csv;GoogleScholar;1;24;No DOI available;y;y
Dynamic Femtocell gNB On/Off Strategies and Seamless Dual Connectivity in 5G Heterogeneous Cellular Networks;Xiaoge Huang, She Tang, Qian Zheng, Dongyu Zhang, Qianbin Chen;2018;https://ieeexplore.ieee.org/document/8265215/;https://ieeexplore.ieee.org/stamp/stamp.jsp?tp=&arnumber=8265215;seamless+connectivity+AND+mobile_IEEEXplore.csv;IEEEXplore;1;0;10.1109/ACCESS.2018.2796126;y;
Seamless Connectivity and Routing in Vehicular Networks with Infrastructure;Stefano Annese, Claudio Casetti, Carla-Fabiana Chiasserini, Nazario Di Maio, Andrea Ghittino, Massimo Reineri;2011;https://ieeexplore.ieee.org/document/5719264/;https://ieeexplore.ieee.org/stamp/stamp.jsp?tp=&arnumber=5719264;seamless+connectivity+AND+mobile_IEEEXplore.csv;IEEEXplore;2;25;10.1109/JSAC.2011.110302;y;
Enhanced CRA protocol for seamless connectivity in wireless networks;Elankayer Sithirasenan, Khosrow Ramezani, Vallipuram Muthukkumarasamy;2012;https://ieeexplore.ieee.org/document/6380852/;https://ieeexplore.ieee.org/stamp/stamp.jsp?tp=&arnumber=6380852;seamless+connectivity+AND+mobile_IEEEXplore.csv;IEEEXplore;1;3;10.1109/ISCIT.2012.6380852;y;
A P2P approach for automating seamless connectivity given intermittent bandwidth constraints;Vasanth Vallabh B Naib, Shrisha Rao;2011;https://ieeexplore.ieee.org/document/6042517/;https://ieeexplore.ieee.org/stamp/stamp.jsp?tp=&arnumber=6042517;seamless+connectivity+AND+mobile_IEEEXplore.csv;IEEEXplore;1;1;10.1109/CASE.2011.6042517;y;
Seamless Gate-to-Gate Connectivity Concept: Onboard LTE, Wi-Fi and LAA;Ergin Dinc, Michal Vondra, Cicek Cavdar;2017;https://ieeexplore.ieee.org/document/8288087/;https://ieeexplore.ieee.org/stamp/stamp.jsp?tp=&arnumber=8288087;seamless+connectivity+AND+mobile_IEEEXplore.csv;IEEEXplore;1;1;10.1109/VTCFall.2017.8288087;y;
Efficient traffic offloading for seamless connectivity in 5G networks onboard high speed trains;Leila Jalili, Ali Parichehreh, Stefan Alfredsson, Johan Garcia, Anna Brunstrom;2017;https://ieeexplore.ieee.org/document/8292462/;https://ieeexplore.ieee.org/stamp/stamp.jsp?tp=&arnumber=8292462;seamless+connectivity+AND+mobile_IEEEXplore.csv;IEEEXplore;1;0;10.1109/PIMRC.2017.8292462;y;
Localization in mobile wireless and sensor networks;Monica Nicoli,    Sinan Gezici,    Zafer Sahinoglu…;2011;https://link.springer.com/article/10.1186/1687-1499-2011-197;https://link.springer.com/content/pdf/10.1186%2F1687-1499-2011-197.pdf;seamless+connectivity+AND+mobile_SpringerLink.csv;SpringerLink;4;396;https://doi.org/10.1186/1687-1499-2011-197;y;
Internet of Things: Applications and Challenges in Technology and Standardization;Debasis Bandyopadhyay,    Jaydip Sen;2011;https://link.springer.com/article/10.1007/s11277-011-0288-5;https://link.springer.com/content/pdf/10.1007%2Fs11277-011-0288-5.pdf;seamless+connectivity+AND+mobile_SpringerLink.csv;SpringerLink;1;357;https://doi.org/10.1007/s11277-011-0288-5;y;
The Internet of Things: A Survey from the Data-Centric Perspective;Charu C. Aggarwal,    Naveen Ashish,    Amit Sheth;2013;https://link.springer.com/chapter/10.1007/978-1-4614-6309-2_12;No PDF available;seamless+connectivity+AND+mobile_SpringerLink.csv;SpringerLink;1;76;https://doi.org/10.1007/978-1-4614-6309-2_12;y;
Towards smart city: M2M communications with software agent intelligence;Min Chen;2013;https://link.springer.com/article/10.1007/s11042-012-1013-4;https://link.springer.com/content/pdf/10.1007%2Fs11042-012-1013-4.pdf;seamless+connectivity+AND+mobile_SpringerLink.csv;SpringerLink;1;52;https://doi.org/10.1007/s11042-012-1013-4;y;
Internet connectivity for mobile ad hoc network: a survey based study;Radwa Attia,    Rawya Rizk,    Hesham Arafat Ali;2015;https://link.springer.com/article/10.1007/s11276-015-0922-3;https://link.springer.com/content/pdf/10.1007%2Fs11276-015-0922-3.pdf;seamless+connectivity+AND+mobile_SpringerLink.csv;SpringerLink;4;102;https://doi.org/10.1007/s11276-015-0922-3;y;
Fuzzy based multi-criteria vertical handover decision modeling in heterogeneous wireless networks;Murad Khan,    Awais Ahmad,    Shehzad Khalid…;2017;https://link.springer.com/article/10.1007/s11042-016-4330-1;https://link.springer.com/content/pdf/10.1007%2Fs11042-016-4330-1.pdf;seamless+connectivity+AND+mobile_SpringerLink.csv;SpringerLink;4;625;https://doi.org/10.1007/s11042-016-4330-1;y;y
A survey on mobility management protocols in Wireless Sensor Networks based on 6LoWPAN technology;M Bouaziz, A Rachedi - Computer Communications, 2016 - Elsevier;2016;https://www.sciencedirect.com/science/article/pii/S0140366414003338;https://hal-upec-upem.archives-ouvertes.fr/hal-01078082/file/SurveyMobility6lowpan.pdf;wireless+data+networks+AND+disconnection+AND+(management+OR+handling)_GoogleScholar.csv;GoogleScholar;1;65;No DOI available;y;y